File,FSL,Genus,species,AT,Lab_ID,Trial,HTST_Temp,PlateType,Storage_Temp,Day
ALL ESL IDs.xlsx#ALL,L8-0070,Bacillus,safensis,140,,,,,,
ALL ESL IDs.xlsx#ALL,L8-0071,Bacillus,licheniformis,1,,,,,,
ALL ESL IDs.xlsx#ALL,L8-0080,Bacillus,licheniformis,1,,,,,,
ALL ESL IDs.xlsx#ALL,L8-0081,Bacillus,licheniformis,1,,,,,,
ALL ESL IDs.xlsx#ALL,L8-0082,Bacillus,licheniformis,1,,,,,,
ALL ESL IDs.xlsx#ALL,L8-0083,Bacillus,licheniformis,1,,,,,,
ALL ESL IDs.xlsx#ALL,L8-0097,Bacillus,toyonensis,775,,,,,,
ALL ESL IDs.xlsx#ALL,L8-0098,Bacillus,toyonensis,775,,,,,,
ALL ESL IDs.xlsx#ALL,L8-0099,Bacillus,toyonensis,775,,,,,,
ALL ESL IDs.xlsx#ALL,L8-0100,Lysinibacillus,sp.1,299,,,,,,
ALL ESL IDs.xlsx#ALL,L8-0101,Bacillus,cereus_ss,296,,,,,,
ALL ESL IDs.xlsx#ALL,L8-0121,Paenibacillus,peoriae_cf,239,,,,,,
ALL ESL IDs.xlsx#ALL,L8-0122,Bacillus,cereus_ss,277,,,,,,
ALL ESL IDs.xlsx#ALL,L8-0123,Lysinibacillus,sp.1,303,,,,,,
ALL ESL IDs.xlsx#ALL,L8-0126,Lysinibacillus,sp.1,299,,,,,,
ALL ESL IDs.xlsx#ALL,L8-0127,Paenibacillus,peoriae_cf,776,,,,,,
ALL ESL IDs.xlsx#ALL,L8-0135,Bacillus,safensis,124,,,,,,
ALL ESL IDs.xlsx#ALL,L8-0136,Bacillus,licheniformis,1,,,,,,
ALL ESL IDs.xlsx#ALL,L8-0148,Bacillus,licheniformis,1,,,,,,
ALL ESL IDs.xlsx#ALL,L8-0149,Bacillus,licheniformis,1,,,,,,
ALL ESL IDs.xlsx#ALL,L8-0150,Paenibacillus,odorifer,27,,,,,,
ALL ESL IDs.xlsx#ALL,L8-0152,Bacillus,cereus_ss,277,,,,,,
ALL ESL IDs.xlsx#ALL,L8-0153,Bacillus,cereus_ss,277,,,,,,
ALL ESL IDs.xlsx#ALL,L8-0167,Bacillus,safensis,254,,,,,,
ALL ESL IDs.xlsx#ALL,L8-0168,Bacillus,licheniformis,1,,,,,,
ALL ESL IDs.xlsx#ALL,L8-0171,Bacillus,licheniformis,1,,,,,,
ALL ESL IDs.xlsx#ALL,L8-0173,Bacillus,sp.4,787,,,,,,
ALL ESL IDs.xlsx#ALL,L8-0174,Bacillus,licheniformis,1,,,,,,
ALL ESL IDs.xlsx#ALL,L8-0176,Bacillus,licheniformis,1,,,,,,
ALL ESL IDs.xlsx#ALL,L8-0177,Bacillus,licheniformis,1,,,,,,
ALL ESL IDs.xlsx#ALL,L8-0178,Paenibacillus,odorifer,27,,,,,,
ALL ESL IDs.xlsx#ALL,L8-0186,Bacillus,licheniformis,6,,,,,,
ALL ESL IDs.xlsx#ALL,L8-0187,Bacillus,safensis,1927,,,,,,
ALL ESL IDs.xlsx#ALL,L8-0188,Bacillus,licheniformis,1,,,,,,
ALL ESL IDs.xlsx#ALL,L8-0189,Bacillus,safensis,140,,,,,,
ALL ESL IDs.xlsx#ALL,L8-0190,Paenibacillus,odorifer,27,,,,,,
ALL ESL IDs.xlsx#ALL,L8-0191,Bacillus,licheniformis,1,,,,,,
ALL ESL IDs.xlsx#ALL,L8-0192,Paenibacillus,odorifer,27,,,,,,
ALL ESL IDs.xlsx#ALL,L8-0193,Bacillus,paralicheniformis,215,,,,,,
ALL ESL IDs.xlsx#ALL,L8-0194,Paenibacillus,odorifer,15,,,,,,
ALL ESL IDs.xlsx#ALL,L8-0195,Paenibacillus,peoriae_cf,777,,,,,,
ALL ESL IDs.xlsx#ALL,L8-0196,Bacillus,licheniformis,1,,,,,,
ALL ESL IDs.xlsx#ALL,L8-0197,Paenibacillus,sp.1,778,,,,,,
ALL ESL IDs.xlsx#ALL,L8-0198,Lysinibacillus,sp.1,299,,,,,,
ALL ESL IDs.xlsx#ALL,L8-0199,Bacillus,cereus_ss,366,,,,,,
ALL ESL IDs.xlsx#ALL,L8-0200,Paenibacillus,odorifer,15,,,,,,
ALL ESL IDs.xlsx#ALL,L8-0214,Bacillus,licheniformis,1,,,,,,
ALL ESL IDs.xlsx#ALL,L8-0215,Bacillus,safensis,384,,,,,,
ALL ESL IDs.xlsx#ALL,L8-0216,Bacillus,licheniformis,1,,,,,,
ALL ESL IDs.xlsx#ALL,L8-0219,Bacillus,licheniformis,1,,,,,,
ALL ESL IDs.xlsx#ALL,L8-0220,Bacillus,licheniformis,1,,,,,,
ALL ESL IDs.xlsx#ALL,L8-0221,Bacillus,sp.2_mojavensis_halotolerans,709,,,,,,
ALL ESL IDs.xlsx#ALL,L8-0222,Bacillus,sp.2_mojavensis_halotolerans,709,,,,,,
ALL ESL IDs.xlsx#ALL,L8-0223,Bacillus,licheniformis,1,,,,,,
ALL ESL IDs.xlsx#ALL,L8-0224,Bacillus,licheniformis,1,,,,,,
ALL ESL IDs.xlsx#ALL,L8-0225,Bacillus,licheniformis,6,,,,,,
ALL ESL IDs.xlsx#ALL,L8-0226,Bacillus,licheniformis,1,,,,,,
ALL ESL IDs.xlsx#ALL,L8-0282,Bacillus,cereus_ss,768,,,,,,
ALL ESL IDs.xlsx#ALL,L8-0283,Paenibacillus,odorifer,21,,,,,,
ALL ESL IDs.xlsx#ALL,L8-0286,Bacillus,licheniformis,1,,,,,,
ALL ESL IDs.xlsx#ALL,L8-0287,Bacillus,cereus_ss,296,,,,,,
ALL ESL IDs.xlsx#ALL,L8-0288,Paenibacillus,peoriae_cf,779,,,,,,
ALL ESL IDs.xlsx#ALL,L8-0308,Paenibacillus,peoriae_cf,776,,,,,,
ALL ESL IDs.xlsx#ALL,L8-0311,Paenibacillus,odorifer,15,,,,,,
ALL ESL IDs.xlsx#ALL,L8-0312,Lysinibacillus,sp.1,303,,,,,,
ALL ESL IDs.xlsx#ALL,L8-0313,Lysinibacillus,sp.1,303,,,,,,
ALL ESL IDs.xlsx#ALL,L8-0314,Paenibacillus,odorifer,7,,,,,,
ALL ESL IDs.xlsx#ALL,L8-0315,Bacillus,toyonensis,129,,,,,,
ALL ESL IDs.xlsx#ALL,L8-0323,Paenibacillus,odorifer,7,,,,,,
ALL ESL IDs.xlsx#ALL,L8-0332,Paenibacillus,odorifer,27,,,,,,
ALL ESL IDs.xlsx#ALL,L8-0333,Paenibacillus,odorifer,74,,,,,,
ALL ESL IDs.xlsx#ALL,L8-0334,Paenibacillus,odorifer,15,,,,,,
ALL ESL IDs.xlsx#ALL,L8-0339,Paenibacillus,odorifer,15,,,,,,
ALL ESL IDs.xlsx#ALL,L8-0340,Paenibacillus,sp.1,778,,,,,,
ALL ESL IDs.xlsx#ALL,L8-0347,Bacillus,cereus_ss,277,,,,,,
ALL ESL IDs.xlsx#ALL,L8-0348,Bacillus,subtilis_sl,583,,,,,,
ALL ESL IDs.xlsx#ALL,L8-0349,Bacillus,licheniformis,1,,,,,,
ALL ESL IDs.xlsx#ALL,L8-0356,Bacillus,paralicheniformis_cf,727,,,,,,
ALL ESL IDs.xlsx#ALL,L8-0357,Brevibacillus,choshinensis,1928,,,,,,
ALL ESL IDs.xlsx#ALL,L8-0358,Bacillus,subtilis_sl,583,,,,,,
ALL ESL IDs.xlsx#ALL,L8-0359,Bacillus,safensis,141,,,,,,
ALL ESL IDs.xlsx#ALL,L8-0360,Bacillus,licheniformis,1,,,,,,
ALL ESL IDs.xlsx#ALL,L8-0361,Bacillus,paralicheniformis,215,,,,,,
ALL ESL IDs.xlsx#ALL,L8-0362,Bacillus,licheniformis,1,,,,,,
ALL ESL IDs.xlsx#ALL,L8-0428,Paenibacillus,odorifer,32,,,,,,
ALL ESL IDs.xlsx#ALL,L8-0429,Paenibacillus,odorifer,32,,,,,,
ALL ESL IDs.xlsx#ALL,L8-0430,Paenibacillus,odorifer,32,,,,,,
ALL ESL IDs.xlsx#ALL,L8-0431,Bacillus,mosaicus,780,,,,,,
ALL ESL IDs.xlsx#ALL,L8-0432,Paenibacillus,sp.1,781,,,,,,
ALL ESL IDs.xlsx#ALL,L8-0433,Bacillus,cereus_ss,768,,,,,,
ALL ESL IDs.xlsx#ALL,L8-0434,Lysinibacillus,sp.1,299,,,,,,
ALL ESL IDs.xlsx#ALL,L8-0435,Paenibacillus,amylolyticus_sl,111,,,,,,
ALL ESL IDs.xlsx#ALL,L8-0436,Paenibacillus,sp.1,42,,,,,,
ALL ESL IDs.xlsx#ALL,L8-0437,Bacillus,cereus_ss,277,,,,,,
ALL ESL IDs.xlsx#ALL,L8-0439,Bacillus,mosaicus,410,,,,,,
ALL ESL IDs.xlsx#ALL,L8-0440,Bacillus,toyonensis,775,,,,,,
ALL ESL IDs.xlsx#ALL,L8-0441,Paenibacillus,peoriae_cf,239,,,,,,
ALL ESL IDs.xlsx#ALL,L8-0442,Bacillus,cereus_ss,366,,,,,,
ALL ESL IDs.xlsx#ALL,L8-0443,Paenibacillus,odorifer,15,,,,,,
ALL ESL IDs.xlsx#ALL,L8-0459,Paenibacillus,sp.1,782,,,,,,
ALL ESL IDs.xlsx#ALL,L8-0460,Bacillus,cereus_ss,296,,,,,,
ALL ESL IDs.xlsx#ALL,L8-0461,Paenibacillus,amylolyticus_sl,783,,,,,,
ALL ESL IDs.xlsx#ALL,L8-0462,Paenibacillus,sp.1,784,,,,,,
ALL ESL IDs.xlsx#ALL,L8-0463,Paenibacillus,sp.1,784,,,,,,
ALL ESL IDs.xlsx#ALL,L8-0464,Bacillus,toyonensis,775,,,,,,
ALL ESL IDs.xlsx#ALL,L8-0465,Paenibacillus,peoriae_cf,67,,,,,,
ALL ESL IDs.xlsx#ALL,L8-0466,Bacillus,cereus_ss,366,,,,,,
ALL ESL IDs.xlsx#ALL,L8-0470,Paenibacillus,sp.1,781,,,,,,
ALL ESL IDs.xlsx#ALL,L8-0474,Bacillus,mosaicus,785,,,,,,
ALL ESL IDs.xlsx#ALL,L8-0488,Paenibacillus,odorifer,15,,,,,,
ALL ESL IDs.xlsx#ALL,L8-0490,Paenibacillus,odorifer,15,,,,,,
ALL ESL IDs.xlsx#ALL,L8-0493,Paenibacillus,odorifer,11,,,,,,
ALL ESL IDs.xlsx#ALL,L8-0494,Paenibacillus,odorifer,50,,,,,,
ALL ESL IDs.xlsx#ALL,L8-0496,Paenibacillus,odorifer,50,,,,,,
ALL ESL IDs.xlsx#ALL,L8-0499,Paenibacillus,odorifer,32,,,,,,
ALL ESL IDs.xlsx#ALL,L8-0501,Microbacterium,,,,,,,,
ALL ESL IDs.xlsx#ALL,L8-0502,Paenibacillus,peoriae_cf,750,,,,,,
ALL ESL IDs.xlsx#ALL,L8-0505,Paenibacillus,odorifer,1930,,,,,,
ALL ESL IDs.xlsx#ALL,L8-0506,Paenibacillus,odorifer,15,,,,,,
ALL ESL IDs.xlsx#ALL,L8-0507,Paenibacillus,etheri,786,,,,,,
ALL ESL IDs.xlsx#ALL,L8-0519,Bacillus,licheniformis,1,,,,,,
ALL ESL IDs.xlsx#ALL,L8-0520,Brevibacillus,borstelensis,518,,,,,,
ALL ESL IDs.xlsx#ALL,L8-0521,Bacillus,licheniformis,1,,,,,,
ALL ESL IDs.xlsx#ALL,L8-0525,Bacillus,licheniformis,1,,,,,,
ALL ESL IDs.xlsx#ALL,L8-0526,Streptococcus,salivarius,788,,,,,,
ALL ESL IDs.xlsx#ALL,L8-0527,Bacillus,licheniformis,1,,,,,,
ALL ESL IDs.xlsx#ALL,L8-0528,Bacillus,safensis,551,,,,,,
ALL ESL IDs.xlsx#ALL,L8-0529,Bacillus,paralicheniformis,215,,,,,,
ALL ESL IDs.xlsx#ALL,L8-0530,Bacillus,sp.4,787,,,,,,
ALL ESL IDs.xlsx#ALL,L8-0531,Bacillus,licheniformis,1,,,,,,
ALL ESL IDs.xlsx#ALL,L8-0532,Bacillus,licheniformis,1,,,,,,
ALL ESL IDs.xlsx#ALL,L8-0533,Bacillus,safensis,70,,,,,,
ALL ESL IDs.xlsx#ALL,L8-0534,Bacillus,safensis,70,,,,,,
ALL ESL IDs.xlsx#ALL,L8-0535,Bacillus,licheniformis,1,,,,,,
ALL ESL IDs.xlsx#ALL,L8-0536,Bacillus,licheniformis,1,,,,,,
ALL ESL IDs.xlsx#ALL,L8-0559,Bacillus,licheniformis,1,,,,,,
ALL ESL IDs.xlsx#ALL,L8-0560,Bacillus,paralicheniformis,215,,,,,,
ALL ESL IDs.xlsx#ALL,L8-0561,Streptococcus,salivarius,788,,,,,,
ALL ESL IDs.xlsx#ALL,L8-0608,Bacillus,mosaicus,61,,,,,,
ALL ESL IDs.xlsx#ALL,L8-0609,Paenibacillus,peoriae_cf,67,,,,,,
ALL ESL IDs.xlsx#ALL,L8-0610,Paenibacillus,peoriae_cf,239,,,,,,
ALL ESL IDs.xlsx#ALL,L8-0611,Bacillus,mosaicus,789,,,,,,
ALL ESL IDs.xlsx#ALL,L8-0612,Paenibacillus,peoriae_cf,239,,,,,,
ALL ESL IDs.xlsx#ALL,L8-0613,Paenibacillus,peoriae_cf,67,,,,,,
ALL ESL IDs.xlsx#ALL,L8-0637,Bacillus,mosaicus,410,,,,,,
ALL ESL IDs.xlsx#ALL,L8-0638,Paenibacillus,peoriae_cf,790,,,,,,
ALL ESL IDs.xlsx#ALL,L8-0639,Paenibacillus,peoriae_cf,790,,,,,,
ALL ESL IDs.xlsx#ALL,L8-0640,Bacillus,mosaicus,789,,,,,,
ALL ESL IDs.xlsx#ALL,L8-0641,Paenibacillus,peoriae_cf,750,,,,,,
ALL ESL IDs.xlsx#ALL,L8-0642,Bacillus,mosaicus,61,,,,,,
ALL ESL IDs.xlsx#ALL,L8-0643,Paenibacillus,peoriae_cf,750,,,,,,
ALL ESL IDs.xlsx#ALL,L8-0644,Paenibacillus,peoriae_cf,239,,,,,,
ALL ESL IDs.xlsx#ALL,L8-0648,Paenibacillus,peoriae_cf,750,,,,,,
ALL ESL IDs.xlsx#ALL,L8-0649,Paenibacillus,peoriae_cf,239,,,,,,
ALL ESL IDs.xlsx#ALL,L8-0651,Bacillus,licheniformis,1,,,,,,
ALL ESL IDs.xlsx#ALL,L8-0652,Micrococcus,,,,,,,,
ALL ESL IDs.xlsx#ALL,L8-0653,Paenibacillus,humicus,1929,,,,,,
ALL ESL IDs.xlsx#ALL,L8-0654,Bacillus,safensis,141,,,,,,
ALL ESL IDs.xlsx#ALL,L8-0659,Paenibacillus,lautus,791,,,,,,
ALL ESL IDs.xlsx#ALL,L8-0660,Bacillus,licheniformis,1,,,,,,
ALL ESL IDs.xlsx#ALL,L8-0661,Bacillus,safensis,140,,,,,,
ALL ESL IDs.xlsx#ALL,L8-0662,Paenibacillus,odorifer,15,,,,,,
ALL ESL IDs.xlsx#ALL,L8-0663,Paenibacillus,peoriae_cf,776,,,,,,
ALL ESL IDs.xlsx#ALL,L8-0664,Paenibacillus,peoriae_cf,750,,,,,,
ALL ESL IDs.xlsx#ALL,L8-0665,Paenibacillus,peoriae_cf,750,,,,,,
ALL ESL IDs.xlsx#ALL,L8-0666,Paenibacillus,peoriae_cf,792,,,,,,
ALL ESL IDs.xlsx#ALL,L8-0667,Paenibacillus,peoriae_cf,792,,,,,,
ALL ESL IDs.xlsx#ALL,L8-0686,Paenibacillus,peoriae_cf,239,,,,,,
ALL ESL IDs.xlsx#ALL,L8-0687,Paenibacillus,peoriae_cf,239,,,,,,
ALL ESL IDs.xlsx#ALL,L8-0688,Paenibacillus,peoriae_cf,239,,,,,,
ALL ESL IDs.xlsx#ALL,L8-0689,Paenibacillus,peoriae_cf,67,,,,,,
ALL ESL IDs.xlsx#ALL,L8-0690,Paenibacillus,peoriae_cf,67,,,,,,
ALL ESL IDs.xlsx#ALL,L8-0693,Paenibacillus,sp.1,77,,,,,,
ALL ESL IDs.xlsx#ALL,L8-0694,Paenibacillus,odorifer,21,,,,,,
ALL ESL IDs.xlsx#ALL,L8-0695,Paenibacillus,odorifer,21,,,,,,
ALL ESL IDs.xlsx#ALL,L8-0696,Paenibacillus,odorifer,21,,,,,,
ALL ESL IDs.xlsx#ALL,L8-0700,Paenibacillus,peoriae_cf,750,,,,,,
ALL ESL IDs.xlsx#ALL,L8-0701,Paenibacillus,peoriae_cf,776,,,,,,
ALL ESL IDs.xlsx#ALL,L8-0705,Bacillus,licheniformis,1,,,,,,
ALL ESL IDs.xlsx#ALL,L8-0706,Paenibacillus,odorifer,36,,,,,,
ALL ESL IDs.xlsx#ALL,L8-0707,Paenibacillus,odorifer,21,,,,,,
ALL ESL IDs.xlsx#ALL,L8-0708,Paenibacillus,odorifer,36,,,,,,
ALL ESL IDs.xlsx#ALL,L8-0709,Paenibacillus,odorifer,27,,,,,,
ALL ESL IDs.xlsx#ALL,L8-0710,Brevibacillus,borstelensis,519,,,,,,
ALL ESL IDs.xlsx#ALL,L8-0711,Bacillus,licheniformis,1,,,,,,
Lonestar ESL Isolates.xlsx#Sheet1,L8-0069,,,,1-LPC-1,1,,LPC,,
Lonestar ESL Isolates.xlsx#Sheet1,L8-0070,,,,1-LPC-2,1,,LPC,,
Lonestar ESL Isolates.xlsx#Sheet1,L8-0071,,,,1-LPC-3,1,,LPC,3,
Lonestar ESL Isolates.xlsx#Sheet1,L8-0072,,,,1-PI-1,1,,PI,,
Lonestar ESL Isolates.xlsx#Sheet1,L8-0073,,,,1-PI-2,1,,PI,,
Lonestar ESL Isolates.xlsx#Sheet1,L8-0074,,,,1-PI-3,1,,PI,3,
Lonestar ESL Isolates.xlsx#Sheet1,L8-0075,,,,1-MSC-1,1,,MSC,,
Lonestar ESL Isolates.xlsx#Sheet1,L8-0076,,,,1-MSC-2,1,,MSC,,
Lonestar ESL Isolates.xlsx#Sheet1,L8-0077,,,,1-MSC-3,1,,MSC,3,
Lonestar ESL Isolates.xlsx#Sheet1,L8-0078,,,,1-MSC-4,1,,MSC,,
Lonestar ESL Isolates.xlsx#Sheet1,L8-0079,,,,1-MSC-5,1,,MSC,,
Lonestar ESL Isolates.xlsx#Sheet1,L8-0080,,,,1-75-DI-1,1,75,,,0
Lonestar ESL Isolates.xlsx#Sheet1,L8-0081,,,,1-75-DI-2,1,75,,,0
Lonestar ESL Isolates.xlsx#Sheet1,L8-0082,,,,1-85-DI-1,1,85,,,0
Lonestar ESL Isolates.xlsx#Sheet1,L8-0083,,,,1-90-DI-1,1,90,,,0
Lonestar ESL Isolates.xlsx#Sheet1,L8-0084,,,,1-75-3-D7-1,1,75,,3,7
Lonestar ESL Isolates.xlsx#Sheet1,L8-0085,,,,1-75-3-D7-2,1,75,,3,7
Lonestar ESL Isolates.xlsx#Sheet1,L8-0086,,,,1-85-3-D7-1,1,85,,3,7
Lonestar ESL Isolates.xlsx#Sheet1,L8-0087,,,,1-90-3-D7-1,1,90,,3,7
Lonestar ESL Isolates.xlsx#Sheet1,L8-0088,,,,1-90-3-D7-2,1,90,,3,7
Lonestar ESL Isolates.xlsx#Sheet1,L8-0089,,,,1-75-6.5-D7-1,1,75,,6.5,7
Lonestar ESL Isolates.xlsx#Sheet1,L8-0090,,,,1-75-6.5-D7-2,1,75,,6.5,7
Lonestar ESL Isolates.xlsx#Sheet1,L8-0091,,,,1-85-6.5-D7-1,1,85,,6.5,7
Lonestar ESL Isolates.xlsx#Sheet1,L8-0092,,,,1-85-6.5-D7-2,1,85,,6.5,7
Lonestar ESL Isolates.xlsx#Sheet1,L8-0093,,,,1-90-6.5-D7-1,1,90,,6.5,7
Lonestar ESL Isolates.xlsx#Sheet1,L8-0094,,,,1-90-6.5-D7-2,1,90,,6.5,7
Lonestar ESL Isolates.xlsx#Sheet1,L8-0095,,,,1-75-10-D7-1,1,75,,10,7
Lonestar ESL Isolates.xlsx#Sheet1,L8-0096,,,,1-75-10-D7-3,1,75,,10,7
Lonestar ESL Isolates.xlsx#Sheet1,L8-0097,,,,1-85-10-D7-1,1,85,,10,7
Lonestar ESL Isolates.xlsx#Sheet1,L8-0098,,,,1-85-10-D7-2,1,85,,10,7
Lonestar ESL Isolates.xlsx#Sheet1,L8-0099,,,,1-85-10-D7-3,1,85,,10,7
Lonestar ESL Isolates.xlsx#Sheet1,L8-0100,,,,1-90-10-D7-1,1,90,,10,7
Lonestar ESL Isolates.xlsx#Sheet1,L8-0101,,,,1-90-10-D7-2,1,90,,10,7
Lonestar ESL Isolates.xlsx#Sheet1,L8-0102,,,,1-CVTA-75-10-D7-1,1,75,CVTA,10,7
Lonestar ESL Isolates.xlsx#Sheet1,L8-0103,,,,1-CVTA-85-10-D7-1,1,85,CVTA,10,7
Lonestar ESL Isolates.xlsx#Sheet1,L8-0104,,,,1-CVTA-90-10-D7-1,1,90,CVTA,10,7
Lonestar ESL Isolates.xlsx#Sheet1,L8-0105,,,,1-75-3-D14-1,1,75,,3,14
Lonestar ESL Isolates.xlsx#Sheet1,L8-0106,,,,1-75-3-D14-2,1,75,,3,14
Lonestar ESL Isolates.xlsx#Sheet1,L8-0107,,,,1-75-3-D14-3,1,75,,3,14
Lonestar ESL Isolates.xlsx#Sheet1,L8-0108,,,,1-85-3-D14-1,1,85,,3,14
Lonestar ESL Isolates.xlsx#Sheet1,L8-0109,,,,1-85-3-D14-2,1,85,,3,14
Lonestar ESL Isolates.xlsx#Sheet1,L8-0110,,,,1-85-3-D14-3,1,85,,3,14
Lonestar ESL Isolates.xlsx#Sheet1,L8-0111,,,,1-90-3-D14-1,1,90,,3,14
Lonestar ESL Isolates.xlsx#Sheet1,L8-0112,,,,1-90-3-D14-2,1,90,,3,14
Lonestar ESL Isolates.xlsx#Sheet1,L8-0113,,,,1-90-3-D14-3,1,90,,3,14
Lonestar ESL Isolates.xlsx#Sheet1,L8-0114,,,,1-90-3-D14-4,1,90,,3,14
Lonestar ESL Isolates.xlsx#Sheet1,L8-0115,,,,1-75-6.5-D14-1,1,75,,6.5,14
Lonestar ESL Isolates.xlsx#Sheet1,L8-0116,,,,1-75-6.5-D14-2,1,75,,6.5,14
Lonestar ESL Isolates.xlsx#Sheet1,L8-0117,,,,1-85-6.5-D14-1,1,85,,6.5,14
Lonestar ESL Isolates.xlsx#Sheet1,L8-0118,,,,1-90-6.5-D14-1,1,90,,6.5,14
Lonestar ESL Isolates.xlsx#Sheet1,L8-0119,,,,1-90-6.5-D14-2,1,90,,6.5,14
Lonestar ESL Isolates.xlsx#Sheet1,L8-0120,,,,1-90-6.5-D14-3,1,90,,6.5,14
Lonestar ESL Isolates.xlsx#Sheet1,L8-0121,,,,1-75-10-D14-1,1,75,,10,14
Lonestar ESL Isolates.xlsx#Sheet1,L8-0122,,,,1-75-10-D14-2,1,75,,10,14
Lonestar ESL Isolates.xlsx#Sheet1,L8-0123,,,,1-75-10-D14-3,1,75,,10,14
Lonestar ESL Isolates.xlsx#Sheet1,L8-0124,,,,1-85-10-D14-1,1,85,,10,14
Lonestar ESL Isolates.xlsx#Sheet1,L8-0125,,,,1-85-10-D14-2,1,85,,10,14
Lonestar ESL Isolates.xlsx#Sheet1,L8-0126,,,,1-90-10-D14-1,1,90,,10,14
Lonestar ESL Isolates.xlsx#Sheet1,L8-0127,,,,1-90-10-D14-2,1,90,,10,14
Lonestar ESL Isolates.xlsx#Sheet1,L8-0128,,,,1-CVTA-85-6.5-D14-1,1,85,CVTA,6.5,14
Lonestar ESL Isolates.xlsx#Sheet1,L8-0129,,,,1-CVTA-75-10-D14-1,1,75,CVTA,10,14
Lonestar ESL Isolates.xlsx#Sheet1,L8-0130,,,,1-CVTA-85-10-D14-1,1,85,CVTA,10,14
Lonestar ESL Isolates.xlsx#Sheet1,L8-0131,,,,1-CVTA-90-10-D14-1,1,90,CVTA,10,14
Lonestar ESL Isolates.xlsx#Sheet1,L8-0132,,,,1-75-3-D21-1,1,75,,3,21
Lonestar ESL Isolates.xlsx#Sheet1,L8-0133,,,,1-75-3-D21-2,1,75,,3,21
Lonestar ESL Isolates.xlsx#Sheet1,L8-0134,,,,1-75-3-D21-3,1,75,,3,21
Lonestar ESL Isolates.xlsx#Sheet1,L8-0135,,,,1-85-3-D21-1,1,85,,3,21
Lonestar ESL Isolates.xlsx#Sheet1,L8-0136,,,,1-85-3-D21-2,1,85,,3,21
Lonestar ESL Isolates.xlsx#Sheet1,L8-0137,,,,1-90-3-D21-1,1,90,,3,21
Lonestar ESL Isolates.xlsx#Sheet1,L8-0138,,,,1-90-3-D21-2,1,90,,3,21
Lonestar ESL Isolates.xlsx#Sheet1,L8-0139,,,,1-75-6.5-D21-1,1,75,,6.5,21
Lonestar ESL Isolates.xlsx#Sheet1,L8-0140,,,,1-75-6.5-D21-2,1,75,,6.5,21
Lonestar ESL Isolates.xlsx#Sheet1,L8-0141,,,,1-75-6.5-D21-3,1,75,,6.5,21
Lonestar ESL Isolates.xlsx#Sheet1,L8-0142,,,,1-75-6.5-D21-4,1,75,,6.5,21
Lonestar ESL Isolates.xlsx#Sheet1,L8-0143,,,,1-75-6.5-D21-5,1,75,,6.5,21
Lonestar ESL Isolates.xlsx#Sheet1,L8-0144,,,,1-85-6.5-D21-1,1,85,,6.5,21
Lonestar ESL Isolates.xlsx#Sheet1,L8-0145,,,,1-85-6.5-D21-2,1,85,,6.5,21
Lonestar ESL Isolates.xlsx#Sheet1,L8-0146,,,,1-85-6.5-D21-3,1,85,,6.5,21
Lonestar ESL Isolates.xlsx#Sheet1,L8-0147,,,,1-85-6.5-D21-4,1,85,,6.5,21
Lonestar ESL Isolates.xlsx#Sheet1,L8-0148,,,,1-90-6.5-D21-1,1,90,,6.5,21
Lonestar ESL Isolates.xlsx#Sheet1,L8-0149,,,,1-90-6.5-D21-2,1,90,,6.5,21
Lonestar ESL Isolates.xlsx#Sheet1,L8-0150,,,,1-90-6.5-D21-3,1,90,,6.5,21
Lonestar ESL Isolates.xlsx#Sheet1,L8-0151,,,,1-75-10-D21-1,1,75,,10,21
Lonestar ESL Isolates.xlsx#Sheet1,L8-0152,,,,1-85-10-D21-1,1,85,,10,21
Lonestar ESL Isolates.xlsx#Sheet1,L8-0153,,,,1-85-10-D21-2,1,85,,10,21
Lonestar ESL Isolates.xlsx#Sheet1,L8-0154,,,,1-90-10-D21-1,1,90,,10,21
Lonestar ESL Isolates.xlsx#Sheet1,L8-0155,,,,1-CVTA-85-6.5-D21-1,1,85,CVTA,6.5,21
Lonestar ESL Isolates.xlsx#Sheet1,L8-0156,,,,1-CVTA-75-10-D21-1,1,75,CVTA,10,21
Lonestar ESL Isolates.xlsx#Sheet1,L8-0157,,,,1-CVTA-85-10-D21-1,1,85,CVTA,10,21
Lonestar ESL Isolates.xlsx#Sheet1,L8-0158,,,,1-CVTA-90-10-D21-1,1,90,CVTA,10,21
Lonestar ESL Isolates.xlsx#Sheet1,L8-0159,,,,1-CVTA-85-6.5-D28-1,1,85,CVTA,6.5,28
Lonestar ESL Isolates.xlsx#Sheet1,L8-0160,,,,1-CVTA-75-10-D28-1,1,75,CVTA,10,28
Lonestar ESL Isolates.xlsx#Sheet1,L8-0161,,,,1-CVTA-85-10-D28-1,1,85,CVTA,10,28
Lonestar ESL Isolates.xlsx#Sheet1,L8-0162,,,,1-CVTA-90-10-D28-1,1,90,CVTA,10,28
Lonestar ESL Isolates.xlsx#Sheet1,L8-0163,,,,1-CVTA-85-6.5-D35-1,1,85,CVTA,6.5,35
Lonestar ESL Isolates.xlsx#Sheet1,L8-0164,,,,1-CVTA-75-10-D35-1,1,75,CVTA,10,35
Lonestar ESL Isolates.xlsx#Sheet1,L8-0165,,,,1-CVTA-85-10-D35-1,1,85,CVTA,10,35
Lonestar ESL Isolates.xlsx#Sheet1,L8-0166,,,,1-CVTA-90-10-D35-1,1,90,CVTA,10,35
Lonestar ESL Isolates.xlsx#Sheet1,L8-0167,,,,1-75-3-D28-2,1,75,,3,28
Lonestar ESL Isolates.xlsx#Sheet1,L8-0168,,,,1-75-3-D28-3,1,75,,3,28
Lonestar ESL Isolates.xlsx#Sheet1,L8-0169,,,,1-85-3-D28-1,1,85,,3,28
Lonestar ESL Isolates.xlsx#Sheet1,L8-0170,,,,1-85-3-D28-2,1,85,,3,28
Lonestar ESL Isolates.xlsx#Sheet1,L8-0171,,,,1-90-3-D28-1,1,90,,3,28
Lonestar ESL Isolates.xlsx#Sheet1,L8-0172,,,,1-90-3-D28-2,1,90,,3,28
Lonestar ESL Isolates.xlsx#Sheet1,L8-0173,,,,1-75-6.5-D28-1,1,75,,6.5,28
Lonestar ESL Isolates.xlsx#Sheet1,L8-0174,,,,1-75-6.5-D28-2,1,75,,6.5,28
Lonestar ESL Isolates.xlsx#Sheet1,L8-0175,,,,1-85-6.5-D28-1,1,85,,6.5,28
Lonestar ESL Isolates.xlsx#Sheet1,L8-0176,,,,1-90-6.5-D28-1,1,90,,6.5,28
Lonestar ESL Isolates.xlsx#Sheet1,L8-0177,,,,1-90-6.5-D28-2,1,90,,6.5,28
Lonestar ESL Isolates.xlsx#Sheet1,L8-0178,,,,1-90-6.5-D28-3,1,90,,6.5,28
Lonestar ESL Isolates.xlsx#Sheet1,L8-0179,,,,1-75-10-D28-1,1,75,,10,28
Lonestar ESL Isolates.xlsx#Sheet1,L8-0180,,,,1-75-10-D28-2,1,75,,10,28
Lonestar ESL Isolates.xlsx#Sheet1,L8-0181,,,,1-75-10-D28-3,1,75,,10,28
Lonestar ESL Isolates.xlsx#Sheet1,L8-0182,,,,1-85-10-D28-1,1,85,,10,28
Lonestar ESL Isolates.xlsx#Sheet1,L8-0183,,,,1-85-10-D28-2,1,85,,10,28
Lonestar ESL Isolates.xlsx#Sheet1,L8-0184,,,,1-85-10-D28-3,1,85,,10,28
Lonestar ESL Isolates.xlsx#Sheet1,L8-0185,,,,1-90-10-D28-1,1,90,,10,28
Lonestar ESL Isolates.xlsx#Sheet1,L8-0186,,,,1-75-3-D35-1,1,75,,3,35
Lonestar ESL Isolates.xlsx#Sheet1,L8-0187,,,,1-75-3-D35-2,1,75,,3,35
Lonestar ESL Isolates.xlsx#Sheet1,L8-0188,,,,1-85-3-D35-1,1,85,,3,35
Lonestar ESL Isolates.xlsx#Sheet1,L8-0189,,,,1-85-3-D35-2,1,85,,3,35
Lonestar ESL Isolates.xlsx#Sheet1,L8-0190,,,,1-90-3-D35-1,1,90,,3,35
Lonestar ESL Isolates.xlsx#Sheet1,L8-0191,,,,1-90-3-D35-2,1,90,,3,35
Lonestar ESL Isolates.xlsx#Sheet1,L8-0192,,,,1-90-3-D35-3,1,90,,3,35
Lonestar ESL Isolates.xlsx#Sheet1,L8-0193,,,,1-75-6.5-D35-1,1,75,,6.5,35
Lonestar ESL Isolates.xlsx#Sheet1,L8-0194,,,,1-75-6.5-D35-2,1,75,,6.5,35
Lonestar ESL Isolates.xlsx#Sheet1,L8-0195,,,,1-85-6.5-D35-1,1,85,,6.5,35
Lonestar ESL Isolates.xlsx#Sheet1,L8-0196,,,,1-90-6.5-D35-1,1,90,,6.5,35
Lonestar ESL Isolates.xlsx#Sheet1,L8-0197,,,,1-90-6.5-D35-2,1,90,,6.5,35
Lonestar ESL Isolates.xlsx#Sheet1,L8-0198,,,,1-75-10-D35-1,1,75,,10,35
Lonestar ESL Isolates.xlsx#Sheet1,L8-0199,,,,1-75-10-D35-2,1,75,,10,35
Lonestar ESL Isolates.xlsx#Sheet1,L8-0200,,,,1-75-10-D35-3,1,75,,10,35
Lonestar ESL Isolates.xlsx#Sheet1,L8-0201,,,,1-85-10-D35-1,1,85,,10,35
Lonestar ESL Isolates.xlsx#Sheet1,L8-0202,,,,1-90-10-D35-2,1,90,,10,35
Lonestar ESL Isolates.xlsx#Sheet1,L8-0203,,,,1-90-10-D35-1,1,90,,10,35
Lonestar ESL Isolates.xlsx#Sheet1,L8-0204,,,,1-85-10-D35-2,1,85,,10,35
Lonestar ESL Isolates.xlsx#Sheet1,L8-0205,,,,2-MSC-1,2,,MSC,,
Lonestar ESL Isolates.xlsx#Sheet1,L8-0206,,,,2-MSC-2,2,,MSC,,
Lonestar ESL Isolates.xlsx#Sheet1,L8-0207,,,,2-MSC-3,2,,MSC,3,
Lonestar ESL Isolates.xlsx#Sheet1,L8-0208,,,,2-MSC-4,2,,MSC,,
Lonestar ESL Isolates.xlsx#Sheet1,L8-0209,,,,2-MSC-5,2,,MSC,,
Lonestar ESL Isolates.xlsx#Sheet1,L8-0210,,,,2-MSC-6,2,,MSC,,
Lonestar ESL Isolates.xlsx#Sheet1,L8-0211,,,,2-PSC-1,2,,PSC,,
Lonestar ESL Isolates.xlsx#Sheet1,L8-0212,,,,2-PSC-2,2,,PSC,,
Lonestar ESL Isolates.xlsx#Sheet1,L8-0213,,,,2-RawMilk-APC-1,2,,RawMilk,,
Lonestar ESL Isolates.xlsx#Sheet1,L8-0214,,,,2-LPC-1,2,,LPC,,
Lonestar ESL Isolates.xlsx#Sheet1,L8-0215,,,,2-LPC-2,2,,LPC,,
Lonestar ESL Isolates.xlsx#Sheet1,L8-0216,,,,2-LPC-3,2,,LPC,3,
Lonestar ESL Isolates.xlsx#Sheet1,L8-0217,,,,2-PI-1,2,,PI,,
Lonestar ESL Isolates.xlsx#Sheet1,L8-0218,,,,2-PI-2,2,,PI,,
Lonestar ESL Isolates.xlsx#Sheet1,L8-0219,,,,2-75-DI-1,2,75,,,0
Lonestar ESL Isolates.xlsx#Sheet1,L8-0220,,,,2-75-DI-2,2,75,,,0
Lonestar ESL Isolates.xlsx#Sheet1,L8-0221,,,,2-75-DI-3,2,75,,,0
Lonestar ESL Isolates.xlsx#Sheet1,L8-0222,,,,2-75-DI-4,2,75,,,0
Lonestar ESL Isolates.xlsx#Sheet1,L8-0223,,,,2-85-DI-1,2,85,,,0
Lonestar ESL Isolates.xlsx#Sheet1,L8-0224,,,,2-85-DI-2,2,85,,,0
Lonestar ESL Isolates.xlsx#Sheet1,L8-0225,,,,2-90-DI-1,2,90,,,0
Lonestar ESL Isolates.xlsx#Sheet1,L8-0226,,,,2-90-DI-2,2,90,,,0
Lonestar ESL Isolates.xlsx#Sheet1,L8-0227,,,,2-75-10-D3-1,2,75,,10,3
Lonestar ESL Isolates.xlsx#Sheet1,L8-0228,,,,2-75-10-D3-2,2,75,,10,3
Lonestar ESL Isolates.xlsx#Sheet1,L8-0229,,,,2-85-10-D3-1,2,85,,10,3
Lonestar ESL Isolates.xlsx#Sheet1,L8-0230,,,,2-85-10-D3-2,2,85,,10,3
Lonestar ESL Isolates.xlsx#Sheet1,L8-0231,,,,2-90-10-D3-1,2,90,,10,3
Lonestar ESL Isolates.xlsx#Sheet1,L8-0232,,,,2-90-10-D3-2,2,90,,10,3
Lonestar ESL Isolates.xlsx#Sheet1,L8-0233,,,,2-90-10-D3-3,2,90,,10,3
Lonestar ESL Isolates.xlsx#Sheet1,L8-0234,,,,2-75-10-D5-1,2,75,,10,5
Lonestar ESL Isolates.xlsx#Sheet1,L8-0235,,,,2-75-10-D5-2,2,75,,10,5
Lonestar ESL Isolates.xlsx#Sheet1,L8-0236,,,,2-75-10-D5-3,2,75,,10,5
Lonestar ESL Isolates.xlsx#Sheet1,L8-0237,,,,2-75-10-D5-4,2,75,,10,5
Lonestar ESL Isolates.xlsx#Sheet1,L8-0238,,,,2-85-10-D5-1,2,85,,10,5
Lonestar ESL Isolates.xlsx#Sheet1,L8-0239,,,,2-85-10-D5-2,2,85,,10,5
Lonestar ESL Isolates.xlsx#Sheet1,L8-0240,,,,2-85-10-D5-3,2,85,,10,5
Lonestar ESL Isolates.xlsx#Sheet1,L8-0241,,,,2-90-10-D5-1,2,90,,10,5
Lonestar ESL Isolates.xlsx#Sheet1,L8-0242,,,,2-90-10-D5-2,2,90,,10,5
Lonestar ESL Isolates.xlsx#Sheet1,L8-0243,,,,2-90-10-D5-3,2,90,,10,5
Lonestar ESL Isolates.xlsx#Sheet1,L8-0244,,,,2-90-10-D5-4,2,90,,10,5
Lonestar ESL Isolates.xlsx#Sheet1,L8-0245,,,,2-CVTA-85-10-D5-1,2,85,CVTA,10,5
Lonestar ESL Isolates.xlsx#Sheet1,L8-0246,,,,2-75-3-D7-1,2,75,,3,7
Lonestar ESL Isolates.xlsx#Sheet1,L8-0247,,,,2-75-3-D7-2,2,75,,3,7
Lonestar ESL Isolates.xlsx#Sheet1,L8-0248,,,,2-75-3-D7-3,2,75,,3,7
Lonestar ESL Isolates.xlsx#Sheet1,L8-0249,,,,2-75-3-D7-4,2,75,,3,7
Lonestar ESL Isolates.xlsx#Sheet1,L8-0250,,,,2-85-3-D7-1,2,85,,3,7
Lonestar ESL Isolates.xlsx#Sheet1,L8-0251,,,,2-85-3-D7-2,2,85,,3,7
Lonestar ESL Isolates.xlsx#Sheet1,L8-0252,,,,2-85-3-D7-3,2,85,,3,7
Lonestar ESL Isolates.xlsx#Sheet1,L8-0253,,,,2-85-3-D7-4,2,85,,3,7
Lonestar ESL Isolates.xlsx#Sheet1,L8-0254,,,,2-90-3-D7-1,2,90,,3,7
Lonestar ESL Isolates.xlsx#Sheet1,L8-0255,,,,2-90-3-D7-2,2,90,,3,7
Lonestar ESL Isolates.xlsx#Sheet1,L8-0256,,,,2-75-6.5-D7-1,2,75,,6.5,7
Lonestar ESL Isolates.xlsx#Sheet1,L8-0257,,,,2-75-6.5-D7-3,2,75,,6.5,7
Lonestar ESL Isolates.xlsx#Sheet1,L8-0258,,,,2-75-6.5-D7-4,2,75,,6.5,7
Lonestar ESL Isolates.xlsx#Sheet1,L8-0259,,,,2-85-6.5-D7-1,2,85,,6.5,7
Lonestar ESL Isolates.xlsx#Sheet1,L8-0260,,,,2-85-6.5-D7-2,2,85,,6.5,7
Lonestar ESL Isolates.xlsx#Sheet1,L8-0261,,,,2-85-6.5-D7-3,2,85,,6.5,7
Lonestar ESL Isolates.xlsx#Sheet1,L8-0262,,,,2-85-6.5-D7-4,2,85,,6.5,7
Lonestar ESL Isolates.xlsx#Sheet1,L8-0263,,,,2-90-6.5-D7-1,2,90,,6.5,7
Lonestar ESL Isolates.xlsx#Sheet1,L8-0264,,,,2-75-10-D7-1,2,75,,10,7
Lonestar ESL Isolates.xlsx#Sheet1,L8-0265,,,,2-85-10-D7-1,2,85,,10,7
Lonestar ESL Isolates.xlsx#Sheet1,L8-0266,,,,2-85-10-D7-2,2,85,,10,7
Lonestar ESL Isolates.xlsx#Sheet1,L8-0267,,,,2-90-19-D7-1,2,90,,10,7
Lonestar ESL Isolates.xlsx#Sheet1,L8-0268,,,,2-90-19-D7-2,2,90,,10,7
Lonestar ESL Isolates.xlsx#Sheet1,L8-0269,,,,2-90-19-D7-3,2,90,,10,7
Lonestar ESL Isolates.xlsx#Sheet1,L8-0270,,,,2-75-10-D9-1,2,75,,10,9
Lonestar ESL Isolates.xlsx#Sheet1,L8-0271,,,,2-75-10-D9-2,2,75,,10,9
Lonestar ESL Isolates.xlsx#Sheet1,L8-0272,,,,2-75-10-D9-3,2,75,,10,9
Lonestar ESL Isolates.xlsx#Sheet1,L8-0273,,,,2-75-10-D9-4,2,75,,10,9
Lonestar ESL Isolates.xlsx#Sheet1,L8-0274,,,,2-85-10-D9-1,2,85,,10,9
Lonestar ESL Isolates.xlsx#Sheet1,L8-0275,,,,2-85-10-D9-2,2,85,,10,9
Lonestar ESL Isolates.xlsx#Sheet1,L8-0276,,,,2-90-10-D9-1,2,90,,10,9
Lonestar ESL Isolates.xlsx#Sheet1,L8-0277,,,,2-90-10-D9-2,2,90,,10,9
Lonestar ESL Isolates.xlsx#Sheet1,L8-0278,,,,2-90-10-D9-3,2,90,,10,9
Lonestar ESL Isolates.xlsx#Sheet1,L8-0279,,,,2-CVTA-75-10-D9-1,2,75,CVTA,10,9
Lonestar ESL Isolates.xlsx#Sheet1,L8-0280,,,,2-CVTA-85-10-D9-1,2,85,CVTA,10,9
Lonestar ESL Isolates.xlsx#Sheet1,L8-0281,,,,2-75-10-D11-1,2,75,,10,11
Lonestar ESL Isolates.xlsx#Sheet1,L8-0282,,,,2-85-10-D11-1,2,85,,10,11
Lonestar ESL Isolates.xlsx#Sheet1,L8-0283,,,,2-85-10-D11-2,2,85,,10,11
Lonestar ESL Isolates.xlsx#Sheet1,L8-0284,,,,2-90-10-D11-1,2,90,,10,11
Lonestar ESL Isolates.xlsx#Sheet1,L8-0285,,,,2-CVTA-85-10-D11-1,2,85,CVTA,10,11
Lonestar ESL Isolates.xlsx#Sheet1,L8-0286,,,,2-75-10-D13-1,2,75,,10,13
Lonestar ESL Isolates.xlsx#Sheet1,L8-0287,,,,2-85-10-D13-1,2,85,,10,13
Lonestar ESL Isolates.xlsx#Sheet1,L8-0288,,,,2-85-10-D13-2,2,85,,10,13
Lonestar ESL Isolates.xlsx#Sheet1,L8-0289,,,,2-90-10-D13-1,2,90,,10,13
Lonestar ESL Isolates.xlsx#Sheet1,L8-0290,,,,2-90-10-D13-2,2,90,,10,13
Lonestar ESL Isolates.xlsx#Sheet1,L8-0291,,,,2-90-10-D13-3,2,90,,10,13
Lonestar ESL Isolates.xlsx#Sheet1,L8-0292,,,,2-75-3-D14-1,2,75,,3,14
Lonestar ESL Isolates.xlsx#Sheet1,L8-0293,,,,2-75-3-D14-2,2,75,,3,14
Lonestar ESL Isolates.xlsx#Sheet1,L8-0294,,,,2-75-3-D14-3,2,75,,3,14
Lonestar ESL Isolates.xlsx#Sheet1,L8-0295,,,,2-85-3-D14-1,2,85,,3,14
Lonestar ESL Isolates.xlsx#Sheet1,L8-0296,,,,2-85-3-D14-2,2,85,,3,14
Lonestar ESL Isolates.xlsx#Sheet1,L8-0297,,,,2-90-3-D14-1,2,90,,3,14
Lonestar ESL Isolates.xlsx#Sheet1,L8-0298,,,,2-90-3-D14-2,2,90,,3,14
Lonestar ESL Isolates.xlsx#Sheet1,L8-0299,,,,2-75-6.5-D14-1,2,75,,6.5,14
Lonestar ESL Isolates.xlsx#Sheet1,L8-0300,,,,2-75-6.5-D14-2,2,75,,6.5,14
Lonestar ESL Isolates.xlsx#Sheet1,L8-0301,,,,2-75-6.5-D14-3,2,75,,6.5,14
Lonestar ESL Isolates.xlsx#Sheet1,L8-0302,,,,2-85-6.5-D14-1,2,85,,6.5,14
Lonestar ESL Isolates.xlsx#Sheet1,L8-0303,,,,2-85-6.5-D14-2,2,85,,6.5,14
Lonestar ESL Isolates.xlsx#Sheet1,L8-0304,,,,2-85-6.5-D14-3,2,85,,6.5,14
Lonestar ESL Isolates.xlsx#Sheet1,L8-0305,,,,2-90-6.5-D14-1,2,90,,6.5,14
Lonestar ESL Isolates.xlsx#Sheet1,L8-0306,,,,2-90-6.5-D14-2,2,90,,6.5,14
Lonestar ESL Isolates.xlsx#Sheet1,L8-0307,,,,2-CVTA-85-6.5-D14-1,2,85,CVTA,6.5,14
Lonestar ESL Isolates.xlsx#Sheet1,L8-0308,,,,2-75-10-D15-1,2,75,,10,15
Lonestar ESL Isolates.xlsx#Sheet1,L8-0309,,,,2-85-10-D15-2,2,85,,10,15
Lonestar ESL Isolates.xlsx#Sheet1,L8-0310,,,,2-85-10-D15-3,2,85,,10,15
Lonestar ESL Isolates.xlsx#Sheet1,L8-0311,,,,2-90-10-D15-1,2,90,,10,15
Lonestar ESL Isolates.xlsx#Sheet1,L8-0312,,,,2-90-10-D15-2,2,90,,10,15
Lonestar ESL Isolates.xlsx#Sheet1,L8-0313,,,,2-90-10-D15-3,2,90,,10,15
Lonestar ESL Isolates.xlsx#Sheet1,L8-0314,,,,2-90-10-D17-1,2,90,,10,17
Lonestar ESL Isolates.xlsx#Sheet1,L8-0315,,,,2-90-10-D17-2,2,90,,10,17
Lonestar ESL Isolates.xlsx#Sheet1,L8-0316,,,,2-75-10-D18-1,2,75,,10,18
Lonestar ESL Isolates.xlsx#Sheet1,L8-0317,,,,2-75-3-D21-1,2,75,,3,21
Lonestar ESL Isolates.xlsx#Sheet1,L8-0318,,,,2-75-3-D21-2,2,75,,3,21
Lonestar ESL Isolates.xlsx#Sheet1,L8-0319,,,,2-85-3-D21-1,2,85,,3,21
Lonestar ESL Isolates.xlsx#Sheet1,L8-0320,,,,2-90-3-D21-1,2,90,,3,21
Lonestar ESL Isolates.xlsx#Sheet1,L8-0321,,,,2-75-6.5-D21-1,2,75,,6.5,21
Lonestar ESL Isolates.xlsx#Sheet1,L8-0322,,,,2-85-6.5-D21-1,2,85,,6.5,21
Lonestar ESL Isolates.xlsx#Sheet1,L8-0323,,,,2-90-6.5-D21-1,2,90,,6.5,21
Lonestar ESL Isolates.xlsx#Sheet1,L8-0324,,,,2-85-10-D15-1,2,85,,10,15
Lonestar ESL Isolates.xlsx#Sheet1,L8-0325,,,,2-CVTA-75-10-D15-1,2,75,CVTA,10,15
Lonestar ESL Isolates.xlsx#Sheet1,L8-0326,,,,2-CVTA-90-10-D15-3,2,90,CVTA,10,15
Lonestar ESL Isolates.xlsx#Sheet1,L8-0327,,,,2-75-3-D28-1,2,75,,3,28
Lonestar ESL Isolates.xlsx#Sheet1,L8-0328,,,,2-85-3-D28-1,2,85,,3,28
Lonestar ESL Isolates.xlsx#Sheet1,L8-0329,,,,2-85-3-D28-2,2,85,,3,28
Lonestar ESL Isolates.xlsx#Sheet1,L8-0330,,,,2-90-3-D28-1,2,90,,3,28
Lonestar ESL Isolates.xlsx#Sheet1,L8-0331,,,,2-90-3-D28-2,2,90,,3,28
Lonestar ESL Isolates.xlsx#Sheet1,L8-0332,,,,2-75-6.5-D28-1,2,75,,6.5,28
Lonestar ESL Isolates.xlsx#Sheet1,L8-0333,,,,2-85-6.5-D28-1,2,85,,6.5,28
Lonestar ESL Isolates.xlsx#Sheet1,L8-0334,,,,2-90-6.5-D28-1,2,90,,6.5,28
Lonestar ESL Isolates.xlsx#Sheet1,L8-0335,,,,2-75-3-D35-2,2,75,,3,35
Lonestar ESL Isolates.xlsx#Sheet1,L8-0336,,,,2-85-3-D35-1,2,85,,3,35
Lonestar ESL Isolates.xlsx#Sheet1,L8-0337,,,,2-85-3-D35-2,2,85,,3,35
Lonestar ESL Isolates.xlsx#Sheet1,L8-0338,,,,2-90-3-D35-1,2,90,,3,35
Lonestar ESL Isolates.xlsx#Sheet1,L8-0339,,,,2-75-6.5-D35-1,2,75,,6.5,35
Lonestar ESL Isolates.xlsx#Sheet1,L8-0340,,,,2-85-6.5-D35-1,2,85,,6.5,35
Lonestar ESL Isolates.xlsx#Sheet1,L8-0341,,,,2-90-6.5-D35-1,2,90,,6.5,35
Lonestar ESL Isolates.xlsx#Sheet1,L8-0342,,,,3-MSC-1,3,,MSC,,
Lonestar ESL Isolates.xlsx#Sheet1,L8-0343,,,,3-MSC-2,3,,MSC,,
Lonestar ESL Isolates.xlsx#Sheet1,L8-0344,,,,3-MSC-3,3,,MSC,3,
Lonestar ESL Isolates.xlsx#Sheet1,L8-0345,,,,3-MSC-4,3,,MSC,,
Lonestar ESL Isolates.xlsx#Sheet1,L8-0346,,,,3-MSC-5,3,,MSC,,
Lonestar ESL Isolates.xlsx#Sheet1,L8-0347,,,,3-LPC-1,3,,LPC,,
Lonestar ESL Isolates.xlsx#Sheet1,L8-0348,,,,3-LPC-2,3,,LPC,,
Lonestar ESL Isolates.xlsx#Sheet1,L8-0349,,,,3-LPC-3,3,,LPC,3,
Lonestar ESL Isolates.xlsx#Sheet1,L8-0350,,,,3-RawMilk-1,3,,RawMilk,,
Lonestar ESL Isolates.xlsx#Sheet1,L8-0351,,,,3-RawMilk-2,3,,RawMilk,,
Lonestar ESL Isolates.xlsx#Sheet1,L8-0352,,,,3-RawMilk-3,3,,RawMilk,3,
Lonestar ESL Isolates.xlsx#Sheet1,L8-0353,,,,3-PI-1,3,,PI,,
Lonestar ESL Isolates.xlsx#Sheet1,L8-0354,,,,3-PI-2,3,,PI,,
Lonestar ESL Isolates.xlsx#Sheet1,L8-0355,,,,3-PI-3,3,,PI,3,
Lonestar ESL Isolates.xlsx#Sheet1,L8-0356,,,,3-75-DI-2,3,75,,,0
Lonestar ESL Isolates.xlsx#Sheet1,L8-0357,,,,3-75-DI-3,3,75,,,0
Lonestar ESL Isolates.xlsx#Sheet1,L8-0358,,,,3-75-DI-4,3,75,,,0
Lonestar ESL Isolates.xlsx#Sheet1,L8-0359,,,,3-85-DI-1,3,85,,,0
Lonestar ESL Isolates.xlsx#Sheet1,L8-0360,,,,3-85-DI-2,3,85,,,0
Lonestar ESL Isolates.xlsx#Sheet1,L8-0361,,,,3-85-DI-3,3,85,,,0
Lonestar ESL Isolates.xlsx#Sheet1,L8-0362,,,,3-90-DI-1,3,90,,,0
Lonestar ESL Isolates.xlsx#Sheet1,L8-0363,,,,3-75-10-D3-1,3,75,,10,3
Lonestar ESL Isolates.xlsx#Sheet1,L8-0364,,,,3-75-10-D3-2,3,75,,10,3
Lonestar ESL Isolates.xlsx#Sheet1,L8-0365,,,,3-75-10-D3-4,3,75,,10,3
Lonestar ESL Isolates.xlsx#Sheet1,L8-0366,,,,3-85-10-D3-1,3,85,,10,3
Lonestar ESL Isolates.xlsx#Sheet1,L8-0367,,,,3-85-10-D3-2,3,85,,10,3
Lonestar ESL Isolates.xlsx#Sheet1,L8-0368,,,,3-85-10-D3-3,3,85,,10,3
Lonestar ESL Isolates.xlsx#Sheet1,L8-0369,,,,3-85-10-D3-4,3,85,,10,3
Lonestar ESL Isolates.xlsx#Sheet1,L8-0370,,,,3-90-10-D3-1,3,90,,10,3
Lonestar ESL Isolates.xlsx#Sheet1,L8-0371,,,,3-90-10-D3-2,3,90,,10,3
Lonestar ESL Isolates.xlsx#Sheet1,L8-0372,,,,3-90-10-D3-3,3,90,,10,3
Lonestar ESL Isolates.xlsx#Sheet1,L8-0373,,,,3-75-10-D3-3,3,75,,10,3
Lonestar ESL Isolates.xlsx#Sheet1,L8-0374,,,,2-90-6.5-D28-2,2,90,,6.5,28
Lonestar ESL Isolates.xlsx#Sheet1,L8-0375,,,,3-75-10-D5-1,3,75,,10,5
Lonestar ESL Isolates.xlsx#Sheet1,L8-0376,,,,3-75-10-D5-2,3,75,,10,5
Lonestar ESL Isolates.xlsx#Sheet1,L8-0377,,,,3-75-10-D5-3,3,75,,10,5
Lonestar ESL Isolates.xlsx#Sheet1,L8-0378,,,,3-85-10-D5-1,3,85,,10,5
Lonestar ESL Isolates.xlsx#Sheet1,L8-0379,,,,3-85-10-D5-2,3,85,,10,5
Lonestar ESL Isolates.xlsx#Sheet1,L8-0380,,,,3-85-10-D5-3,3,85,,10,5
Lonestar ESL Isolates.xlsx#Sheet1,L8-0381,,,,3-85-10-D5-4,3,85,,10,5
Lonestar ESL Isolates.xlsx#Sheet1,L8-0382,,,,3-90-10-D5-1,3,90,,10,5
Lonestar ESL Isolates.xlsx#Sheet1,L8-0383,,,,3-90-10-D5-2,3,90,,10,5
Lonestar ESL Isolates.xlsx#Sheet1,L8-0384,,,,3-90-10-D5-3,3,90,,10,5
Lonestar ESL Isolates.xlsx#Sheet1,L8-0385,,,,3-90-10-D5-4,3,90,,10,5
Lonestar ESL Isolates.xlsx#Sheet1,L8-0386,,,,3-90-10-D5-5,3,90,,10,5
Lonestar ESL Isolates.xlsx#Sheet1,L8-0387,,,,3-CVTA-85-10-D7-1,3,85,CVTA,10,7
Lonestar ESL Isolates.xlsx#Sheet1,L8-0388,,,,3-75-3-D7-1,3,75,,3,7
Lonestar ESL Isolates.xlsx#Sheet1,L8-0389,,,,3-75-3-D7-2,3,75,,3,7
Lonestar ESL Isolates.xlsx#Sheet1,L8-0390,,,,3-75-3-D7-3,3,75,,3,7
Lonestar ESL Isolates.xlsx#Sheet1,L8-0391,,,,3-85-3-D7-1,3,85,,3,7
Lonestar ESL Isolates.xlsx#Sheet1,L8-0392,,,,3-85-3-D7-2,3,85,,3,7
Lonestar ESL Isolates.xlsx#Sheet1,L8-0393,,,,3-85-3-D7-3,3,85,,3,7
Lonestar ESL Isolates.xlsx#Sheet1,L8-0394,,,,3-90-3-D7-1,3,90,,3,7
Lonestar ESL Isolates.xlsx#Sheet1,L8-0395,,,,3-90-3-D7-2,3,90,,3,7
Lonestar ESL Isolates.xlsx#Sheet1,L8-0396,,,,3-90-3-D7-3,3,90,,3,7
Lonestar ESL Isolates.xlsx#Sheet1,L8-0397,,,,3-90-3-D7-4,3,90,,3,7
Lonestar ESL Isolates.xlsx#Sheet1,L8-0398,,,,3-75-6.5-D7-1,3,75,,6.5,7
Lonestar ESL Isolates.xlsx#Sheet1,L8-0399,,,,3-75-6.5-D7-3,3,75,,6.5,7
Lonestar ESL Isolates.xlsx#Sheet1,L8-0400,,,,3-75-6.5-D7-4,3,75,,6.5,7
Lonestar ESL Isolates.xlsx#Sheet1,L8-0401,,,,3-85-6.5-D7-1,3,85,,6.5,7
Lonestar ESL Isolates.xlsx#Sheet1,L8-0402,,,,3-85-6.5-D7-2,3,85,,6.5,7
Lonestar ESL Isolates.xlsx#Sheet1,L8-0403,,,,3-85-6.5-D7-3,3,85,,6.5,7
Lonestar ESL Isolates.xlsx#Sheet1,L8-0404,,,,3-85-6.5-D7-4,3,85,,6.5,7
Lonestar ESL Isolates.xlsx#Sheet1,L8-0405,,,,3-90-6.5-D7-1,3,90,,6.5,7
Lonestar ESL Isolates.xlsx#Sheet1,L8-0406,,,,3-90-6.5-D7-2,3,90,,6.5,7
Lonestar ESL Isolates.xlsx#Sheet1,L8-0407,,,,3-75-10-D7-1,3,75,,10,7
Lonestar ESL Isolates.xlsx#Sheet1,L8-0408,,,,3-85-10-D7-1,3,85,,10,7
Lonestar ESL Isolates.xlsx#Sheet1,L8-0409,,,,3-85-10-D7-2,3,85,,10,7
Lonestar ESL Isolates.xlsx#Sheet1,L8-0410,,,,3-85-10-D7-3,3,85,,10,7
Lonestar ESL Isolates.xlsx#Sheet1,L8-0411,,,,3-85-10-D7-4,3,85,,10,7
Lonestar ESL Isolates.xlsx#Sheet1,L8-0412,,,,3-90-10-D7-1,3,90,,10,7
Lonestar ESL Isolates.xlsx#Sheet1,L8-0413,,,,3-90-10-D7-2,3,90,,10,7
Lonestar ESL Isolates.xlsx#Sheet1,L8-0414,,,,3-90-10-D7-3,3,90,,10,7
Lonestar ESL Isolates.xlsx#Sheet1,L8-0415,,,,3-CVTA-75-10-D7-1,3,75,CVTA,10,7
Lonestar ESL Isolates.xlsx#Sheet1,L8-0416,,,,3-CVTA-75-10-D7-2,3,75,CVTA,10,7
Lonestar ESL Isolates.xlsx#Sheet1,L8-0417,,,,2-75-6.5-D42-1,2,75,,6.5,42
Lonestar ESL Isolates.xlsx#Sheet1,L8-0418,,,,3-75-10-D9-1,3,75,,10,9
Lonestar ESL Isolates.xlsx#Sheet1,L8-0419,,,,3-75-10-D9-2,3,75,,10,9
Lonestar ESL Isolates.xlsx#Sheet1,L8-0420,,,,3-75-10-D9-3,3,75,,10,9
Lonestar ESL Isolates.xlsx#Sheet1,L8-0421,,,,3-85-10-D9-1,3,85,,10,9
Lonestar ESL Isolates.xlsx#Sheet1,L8-0422,,,,3-85-10-D9-2,3,85,,10,9
Lonestar ESL Isolates.xlsx#Sheet1,L8-0423,,,,3-85-10-D9-3,3,85,,10,9
Lonestar ESL Isolates.xlsx#Sheet1,L8-0424,,,,3-90-10-D9-1,3,90,,10,9
Lonestar ESL Isolates.xlsx#Sheet1,L8-0425,,,,3-90-10-D9-2,3,90,,10,9
Lonestar ESL Isolates.xlsx#Sheet1,L8-0426,,,,3-90-10-D9-3,3,90,,10,9
Lonestar ESL Isolates.xlsx#Sheet1,L8-0427,,,,3-90-10-D9-4,3,90,,10,9
Lonestar ESL Isolates.xlsx#Sheet1,L8-0428,,,,3-75-10-D11-1,3,75,,10,11
Lonestar ESL Isolates.xlsx#Sheet1,L8-0429,,,,3-75-10-D11-2,3,75,,10,11
Lonestar ESL Isolates.xlsx#Sheet1,L8-0430,,,,3-75-10-D11-3,3,75,,10,11
Lonestar ESL Isolates.xlsx#Sheet1,L8-0431,,,,3-85-10-D11-1,3,85,,10,11
Lonestar ESL Isolates.xlsx#Sheet1,L8-0432,,,,3-85-10-D11-2,3,85,,10,11
Lonestar ESL Isolates.xlsx#Sheet1,L8-0433,,,,3-85-10-D11-3,3,85,,10,11
Lonestar ESL Isolates.xlsx#Sheet1,L8-0434,,,,3-90-10-D11-1,3,90,,10,11
Lonestar ESL Isolates.xlsx#Sheet1,L8-0435,,,,3-90-10-D11-2,3,90,,10,11
Lonestar ESL Isolates.xlsx#Sheet1,L8-0436,,,,3-90-10-D11-3,3,90,,10,11
Lonestar ESL Isolates.xlsx#Sheet1,L8-0437,,,,3-90-10-D11-4,3,90,,10,11
Lonestar ESL Isolates.xlsx#Sheet1,L8-0438,,,,3-CVTA-75-10-D11-1,3,75,CVTA,10,11
Lonestar ESL Isolates.xlsx#Sheet1,L8-0439,,,,3-75-10-D13-1,3,75,,10,13
Lonestar ESL Isolates.xlsx#Sheet1,L8-0440,,,,3-85-10-D13-1,3,85,,10,13
Lonestar ESL Isolates.xlsx#Sheet1,L8-0441,,,,3-85-10-D13-3,3,85,,10,13
Lonestar ESL Isolates.xlsx#Sheet1,L8-0442,,,,3-90-10-D13-1,3,90,,10,13
Lonestar ESL Isolates.xlsx#Sheet1,L8-0443,,,,3-90-10-D13-2,3,90,,10,13
Lonestar ESL Isolates.xlsx#Sheet1,L8-0444,,,,3-CVTA-75-D10-D13-1,3,75,CVTA,10,13
Lonestar ESL Isolates.xlsx#Sheet1,L8-0445,,,,3-75-3-D14-1,3,75,,3,14
Lonestar ESL Isolates.xlsx#Sheet1,L8-0446,,,,3-75-3-D14-2,3,75,,3,14
Lonestar ESL Isolates.xlsx#Sheet1,L8-0447,,,,3-75-3-D14-3,3,75,,3,14
Lonestar ESL Isolates.xlsx#Sheet1,L8-0448,,,,3-85-3-D14-1,3,85,,3,14
Lonestar ESL Isolates.xlsx#Sheet1,L8-0449,,,,3-85-3-D14-3,3,85,,3,14
Lonestar ESL Isolates.xlsx#Sheet1,L8-0450,,,,3-85-3-D14-4,3,85,,3,14
Lonestar ESL Isolates.xlsx#Sheet1,L8-0451,,,,3-90-3-D14-1,3,90,,3,14
Lonestar ESL Isolates.xlsx#Sheet1,L8-0452,,,,3-90-3-D14-2,3,90,,3,14
Lonestar ESL Isolates.xlsx#Sheet1,L8-0453,,,,3-75-6.5-D14-2,3,75,,6.5,14
Lonestar ESL Isolates.xlsx#Sheet1,L8-0454,,,,3-75-6.5-D14-3,3,75,,6.5,14
Lonestar ESL Isolates.xlsx#Sheet1,L8-0455,,,,3-75-6.5-D14-4,3,75,,6.5,14
Lonestar ESL Isolates.xlsx#Sheet1,L8-0456,,,,3-85-6.5-D14-1,3,85,,6.5,14
Lonestar ESL Isolates.xlsx#Sheet1,L8-0457,,,,3-90-6.5-D14-1,3,90,,6.5,14
Lonestar ESL Isolates.xlsx#Sheet1,L8-0458,,,,3-CVTA-90-6.5-D14-1,3,90,CVTA,6.5,14
Lonestar ESL Isolates.xlsx#Sheet1,L8-0459,,,,3-75-10-D15-2,3,75,,10,15
Lonestar ESL Isolates.xlsx#Sheet1,L8-0460,,,,3-75-10-D15-3,3,75,,10,15
Lonestar ESL Isolates.xlsx#Sheet1,L8-0461,,,,3-85-10-D15-1,3,85,,10,15
Lonestar ESL Isolates.xlsx#Sheet1,L8-0462,,,,3-85-10-D15-2,3,85,,10,15
Lonestar ESL Isolates.xlsx#Sheet1,L8-0463,,,,3-85-10-D15-3,3,85,,10,15
Lonestar ESL Isolates.xlsx#Sheet1,L8-0464,,,,3-85-10-D15-4,3,85,,10,15
Lonestar ESL Isolates.xlsx#Sheet1,L8-0465,,,,3-90-10-D15-2,3,90,,10,15
Lonestar ESL Isolates.xlsx#Sheet1,L8-0466,,,,3-90-10-D15-3,3,90,,10,15
Lonestar ESL Isolates.xlsx#Sheet1,L8-0467,,,,2-75-3-D35-1,2,75,,3,35
Lonestar ESL Isolates.xlsx#Sheet1,L8-0468,,,,3-90-10-D9-5,3,90,,10,9
Lonestar ESL Isolates.xlsx#Sheet1,L8-0469,,,,3-CVTA-90-10-D9-1,3,90,CVTA,10,9
Lonestar ESL Isolates.xlsx#Sheet1,L8-0470,,,,3-85-10-D11-4,3,85,,10,11
Lonestar ESL Isolates.xlsx#Sheet1,L8-0471,,,,3-85-3-D14-2,3,85,,3,14
Lonestar ESL Isolates.xlsx#Sheet1,L8-0472,,,,3-75-6.5-D14-1,3,75,,6.5,14
Lonestar ESL Isolates.xlsx#Sheet1,L8-0473,,,,3-75-3-D7-4,3,75,,3,7
Lonestar ESL Isolates.xlsx#Sheet1,L8-0474,,,,3-75-10-D15-1,3,75,,10,15
Lonestar ESL Isolates.xlsx#Sheet1,L8-0475,,,,3-75-3-D21-1,3,75,,3,21
Lonestar ESL Isolates.xlsx#Sheet1,L8-0476,,,,3-75-3-D21-2,3,75,,3,21
Lonestar ESL Isolates.xlsx#Sheet1,L8-0477,,,,3-75-3-D21-3,3,75,,3,21
Lonestar ESL Isolates.xlsx#Sheet1,L8-0478,,,,3-75-3-D21-4,3,75,,3,21
Lonestar ESL Isolates.xlsx#Sheet1,L8-0479,,,,3-85-3-D21-1,3,85,,3,21
Lonestar ESL Isolates.xlsx#Sheet1,L8-0480,,,,3-85-3-D21-2,3,85,,3,21
Lonestar ESL Isolates.xlsx#Sheet1,L8-0481,,,,3-85-3-D21-3,3,85,,3,21
Lonestar ESL Isolates.xlsx#Sheet1,L8-0482,,,,3-85-3-D21-4,3,85,,3,21
Lonestar ESL Isolates.xlsx#Sheet1,L8-0483,,,,3-90-3-D21-1,3,90,,3,21
Lonestar ESL Isolates.xlsx#Sheet1,L8-0484,,,,3-90-3-D21-3,3,90,,3,21
Lonestar ESL Isolates.xlsx#Sheet1,L8-0485,,,,3-90-3-D21-4,3,90,,3,21
Lonestar ESL Isolates.xlsx#Sheet1,L8-0486,,,,3-90-3-D21-5,3,90,,3,21
Lonestar ESL Isolates.xlsx#Sheet1,L8-0487,,,,3-75-6.5-D21-1,3,75,,6.5,21
Lonestar ESL Isolates.xlsx#Sheet1,L8-0488,,,,3-85-6.5-D21-1,3,85,,6.5,21
Lonestar ESL Isolates.xlsx#Sheet1,L8-0489,,,,3-75-3-D28-1,3,75,,3,28
Lonestar ESL Isolates.xlsx#Sheet1,L8-0490,,,,3-85-3-D28-1,3,85,,3,28
Lonestar ESL Isolates.xlsx#Sheet1,L8-0491,,,,3-90-3-D28-1,3,90,,3,28
Lonestar ESL Isolates.xlsx#Sheet1,L8-0492,,,,3-90-3-D28-2,3,90,,3,28
Lonestar ESL Isolates.xlsx#Sheet1,L8-0493,,,,3-75-6.5-D28-1,3,75,,6.5,28
Lonestar ESL Isolates.xlsx#Sheet1,L8-0494,,,,3-85-6.5-D28-1,3,85,,6.5,28
Lonestar ESL Isolates.xlsx#Sheet1,L8-0495,,,,3-CVTA-75-6.5-D28-1,3,75,CVTA,6.5,28
Lonestar ESL Isolates.xlsx#Sheet1,L8-0496,,,,3-75-3-D35-1,3,75,,3,35
Lonestar ESL Isolates.xlsx#Sheet1,L8-0497,,,,3-85-3-D35-1,3,85,,3,35
Lonestar ESL Isolates.xlsx#Sheet1,L8-0498,,,,3-85-3-D35-2,3,85,,3,35
Lonestar ESL Isolates.xlsx#Sheet1,L8-0499,,,,3-90-3-D35-1,3,90,,3,35
Lonestar ESL Isolates.xlsx#Sheet1,L8-0500,,,,3-85-6.5-D35-1,3,85,,6.5,35
Lonestar ESL Isolates.xlsx#Sheet1,L8-0501,,,,3-75-6.5-D7-2,3,75,,6.5,7
Lonestar ESL Isolates.xlsx#Sheet1,L8-0502,,,,3-75-10-D13-2,3,75,,10,13
Lonestar ESL Isolates.xlsx#Sheet1,L8-0503,,,,3-CVTA-90-10-D15-1,3,90,CVTA,10,15
Lonestar ESL Isolates.xlsx#Sheet1,L8-0504,,,,3-90-3-D21-2,3,90,,3,21
Lonestar ESL Isolates.xlsx#Sheet1,L8-0505,,,,3-90-6.5-D35-1,3,90,,6.5,35
Lonestar ESL Isolates.xlsx#Sheet1,L8-0506,,,,3-75-3-D42-1,3,75,,3,42
Lonestar ESL Isolates.xlsx#Sheet1,L8-0507,,,,3-85-3-D42-2,3,85,,3,42
Lonestar ESL Isolates.xlsx#Sheet1,L8-0508,,,,3-90-3-D42-1,3,90,,3,42
Lonestar ESL Isolates.xlsx#Sheet1,L8-0509,,,,3-90-3-D42-3,3,90,,3,42
Lonestar ESL Isolates.xlsx#Sheet1,L8-0510,,,,3-90-3-D42-4,3,90,,3,42
Lonestar ESL Isolates.xlsx#Sheet1,L8-0511,,,,4-RawMilk-APC-1,4,,RawMilk,,
Lonestar ESL Isolates.xlsx#Sheet1,L8-0512,,,,4-RawMilk-APC-2,4,,RawMilk,,
Lonestar ESL Isolates.xlsx#Sheet1,L8-0513,,,,4-RawMilk-APC-3,4,,RawMilk,,
Lonestar ESL Isolates.xlsx#Sheet1,L8-0514,,,,4-MSC-1,4,,MSC,,
Lonestar ESL Isolates.xlsx#Sheet1,L8-0515,,,,4-MSC-2,4,,MSC,,
Lonestar ESL Isolates.xlsx#Sheet1,L8-0516,,,,4-MSC-3,4,,MSC,3,
Lonestar ESL Isolates.xlsx#Sheet1,L8-0517,,,,4-MSC-4,4,,MSC,,
Lonestar ESL Isolates.xlsx#Sheet1,L8-0518,,,,4-MSC-5,4,,MSC,,
Lonestar ESL Isolates.xlsx#Sheet1,L8-0519,,,,4-LPC-1,4,,LPC,,
Lonestar ESL Isolates.xlsx#Sheet1,L8-0520,,,,4-LPC-2,4,,LPC,,
Lonestar ESL Isolates.xlsx#Sheet1,L8-0521,,,,4-LPC-3,4,,LPC,3,
Lonestar ESL Isolates.xlsx#Sheet1,L8-0522,,,,4-PI-1,4,,PI,,
Lonestar ESL Isolates.xlsx#Sheet1,L8-0523,,,,4-PI-2,4,,PI,,
Lonestar ESL Isolates.xlsx#Sheet1,L8-0524,,,,4-PI-3,4,,PI,3,
Lonestar ESL Isolates.xlsx#Sheet1,L8-0525,,,,4-75-DI-1,4,75,,,0
Lonestar ESL Isolates.xlsx#Sheet1,L8-0526,,,,4-75-DI-2,4,75,,,0
Lonestar ESL Isolates.xlsx#Sheet1,L8-0527,,,,4-75-DI-3,4,75,,,0
Lonestar ESL Isolates.xlsx#Sheet1,L8-0528,,,,4-75-DI-4,4,75,,,0
Lonestar ESL Isolates.xlsx#Sheet1,L8-0529,,,,4-75-DI-5,4,75,,,0
Lonestar ESL Isolates.xlsx#Sheet1,L8-0530,,,,4-85-DI-1,4,85,,,0
Lonestar ESL Isolates.xlsx#Sheet1,L8-0531,,,,4-85-DI-2,4,85,,,0
Lonestar ESL Isolates.xlsx#Sheet1,L8-0532,,,,4-85-DI-3,4,85,,,0
Lonestar ESL Isolates.xlsx#Sheet1,L8-0533,,,,4-90-DI-1,4,90,,,0
Lonestar ESL Isolates.xlsx#Sheet1,L8-0534,,,,4-90-DI-2,4,90,,,0
Lonestar ESL Isolates.xlsx#Sheet1,L8-0535,,,,4-90-DI-3,4,90,,,0
Lonestar ESL Isolates.xlsx#Sheet1,L8-0536,,,,4-90-DI-4,4,90,,,0
Lonestar ESL Isolates.xlsx#Sheet1,L8-0537,,,,4-75-10-D3-1,4,75,,10,3
Lonestar ESL Isolates.xlsx#Sheet1,L8-0538,,,,4-75-10-D3-2,4,75,,10,3
Lonestar ESL Isolates.xlsx#Sheet1,L8-0539,,,,4-75-10-D3-4,4,75,,10,3
Lonestar ESL Isolates.xlsx#Sheet1,L8-0540,,,,4-75-10-D3-5,4,75,,10,3
Lonestar ESL Isolates.xlsx#Sheet1,L8-0541,,,,4-85-10-D3-1,4,85,,10,3
Lonestar ESL Isolates.xlsx#Sheet1,L8-0542,,,,4-85-10-D3-2,4,85,,10,3
Lonestar ESL Isolates.xlsx#Sheet1,L8-0543,,,,4-90-10-D3-1,4,90,,10,3
Lonestar ESL Isolates.xlsx#Sheet1,L8-0544,,,,4-90-10-D3-2,4,90,,10,3
Lonestar ESL Isolates.xlsx#Sheet1,L8-0545,,,,3-90-3-D63-1,3,90,,3,63
Lonestar ESL Isolates.xlsx#Sheet1,L8-0546,,,,3-90-3-D63-2,3,90,,3,63
Lonestar ESL Isolates.xlsx#Sheet1,L8-0547,,,,3-90-3-D63-3,3,90,,3,63
Lonestar ESL Isolates.xlsx#Sheet1,L8-0548,,,,3-90-3-D63-4,3,90,,3,63
Lonestar ESL Isolates.xlsx#Sheet1,L8-0549,,,,4-75-10-D5-1,4,75,,10,5
Lonestar ESL Isolates.xlsx#Sheet1,L8-0550,,,,4-75-10-D5-2,4,75,,10,5
Lonestar ESL Isolates.xlsx#Sheet1,L8-0551,,,,4-75-10-D5-3,4,75,,10,5
Lonestar ESL Isolates.xlsx#Sheet1,L8-0552,,,,4-75-10-D5-4,4,75,,10,5
Lonestar ESL Isolates.xlsx#Sheet1,L8-0553,,,,4-85-10-D5-1,4,85,,10,5
Lonestar ESL Isolates.xlsx#Sheet1,L8-0554,,,,4-85-10-D5-2,4,85,,10,5
Lonestar ESL Isolates.xlsx#Sheet1,L8-0555,,,,4-85-10-D5-3,4,85,,10,5
Lonestar ESL Isolates.xlsx#Sheet1,L8-0556,,,,4-90-10-D5-1,4,90,,10,5
Lonestar ESL Isolates.xlsx#Sheet1,L8-0557,,,,4-90-10-D5-2,4,90,,10,5
Lonestar ESL Isolates.xlsx#Sheet1,L8-0558,,,,4-90-10-D5-3,4,90,,10,5
Lonestar ESL Isolates.xlsx#Sheet1,L8-0559,,,,4-75-3-D7-1,4,75,,3,7
Lonestar ESL Isolates.xlsx#Sheet1,L8-0560,,,,4-75-3-D7-2,4,75,,3,7
Lonestar ESL Isolates.xlsx#Sheet1,L8-0561,,,,4-75-3-D7-3,4,75,,3,7
Lonestar ESL Isolates.xlsx#Sheet1,L8-0562,,,,4-85-3-D7-1,4,85,,3,7
Lonestar ESL Isolates.xlsx#Sheet1,L8-0563,,,,4-85-3-D7-2,4,85,,3,7
Lonestar ESL Isolates.xlsx#Sheet1,L8-0564,,,,4-85-3-D7-3,4,85,,3,7
Lonestar ESL Isolates.xlsx#Sheet1,L8-0565,,,,4-90-3-D7-1,4,90,,3,7
Lonestar ESL Isolates.xlsx#Sheet1,L8-0566,,,,4-75-6.5-D7-1,4,75,,6.5,7
Lonestar ESL Isolates.xlsx#Sheet1,L8-0567,,,,4-75-6.5-D7-2,4,75,,6.5,7
Lonestar ESL Isolates.xlsx#Sheet1,L8-0568,,,,4-85-6.5-D7-1,4,85,,6.5,7
Lonestar ESL Isolates.xlsx#Sheet1,L8-0569,,,,4-85-6.5-D7-2,4,85,,6.5,7
Lonestar ESL Isolates.xlsx#Sheet1,L8-0570,,,,4-90-6.5-D7-1,4,90,,6.5,7
Lonestar ESL Isolates.xlsx#Sheet1,L8-0571,,,,4-90-6.5-D7-2,4,90,,6.5,7
Lonestar ESL Isolates.xlsx#Sheet1,L8-0572,,,,4-90-6.5-D7-3,4,90,,6.5,7
Lonestar ESL Isolates.xlsx#Sheet1,L8-0573,,,,4-75-10-D7-1,4,75,,10,7
Lonestar ESL Isolates.xlsx#Sheet1,L8-0574,,,,4-75-10-D7-2,4,75,,10,7
Lonestar ESL Isolates.xlsx#Sheet1,L8-0575,,,,4-75-10-D7-3,4,75,,10,7
Lonestar ESL Isolates.xlsx#Sheet1,L8-0576,,,,4-75-10-D7-4,4,75,,10,7
Lonestar ESL Isolates.xlsx#Sheet1,L8-0577,,,,4-75-10-D7-5,4,75,,10,7
Lonestar ESL Isolates.xlsx#Sheet1,L8-0578,,,,4-85-10-D7-1,4,85,,10,7
Lonestar ESL Isolates.xlsx#Sheet1,L8-0579,,,,4-85-10-D7-2,4,85,,10,7
Lonestar ESL Isolates.xlsx#Sheet1,L8-0580,,,,4-85-10-D7-3,4,85,,10,7
Lonestar ESL Isolates.xlsx#Sheet1,L8-0581,,,,4-90-10-D7-1,4,90,,10,7
Lonestar ESL Isolates.xlsx#Sheet1,L8-0582,,,,4-90-10-D7-2,4,90,,10,7
Lonestar ESL Isolates.xlsx#Sheet1,L8-0583,,,,4-CVTA-75-10-D7-1,4,75,CVTA,10,7
Lonestar ESL Isolates.xlsx#Sheet1,L8-0584,,,,4-CVTA-85-10-D7-1,4,85,CVTA,10,7
Lonestar ESL Isolates.xlsx#Sheet1,L8-0585,,,,4-CVTA-90-3-10-D7-1,4,90,CVTA,10,7
Lonestar ESL Isolates.xlsx#Sheet1,L8-0586,,,,4-75-10-D9-1,4,75,,10,9
Lonestar ESL Isolates.xlsx#Sheet1,L8-0587,,,,4-75-10-D9-2,4,75,,10,9
Lonestar ESL Isolates.xlsx#Sheet1,L8-0588,,,,4-85-10-D9-1,4,85,,10,9
Lonestar ESL Isolates.xlsx#Sheet1,L8-0589,,,,4-85-10-D9-2,4,85,,10,9
Lonestar ESL Isolates.xlsx#Sheet1,L8-0590,,,,4-90-10-D9-1,4,90,,10,9
Lonestar ESL Isolates.xlsx#Sheet1,L8-0591,,,,4-90-10-D9-2,4,90,,10,9
Lonestar ESL Isolates.xlsx#Sheet1,L8-0592,,,,4-CVTA-75-D9-1,4,75,CVTA,,9
Lonestar ESL Isolates.xlsx#Sheet1,L8-0593,,,,4-CVTA-85-D9-1,4,85,CVTA,,9
Lonestar ESL Isolates.xlsx#Sheet1,L8-0594,,,,4-CVTA-90-D9-1,4,90,CVTA,,9
Lonestar ESL Isolates.xlsx#Sheet1,L8-0595,,,,4-75-10-D11-1,4,75,,10,11
Lonestar ESL Isolates.xlsx#Sheet1,L8-0596,,,,4-75-10-D11-2,4,75,,10,11
Lonestar ESL Isolates.xlsx#Sheet1,L8-0597,,,,4-75-10-D11-3,4,75,,10,11
Lonestar ESL Isolates.xlsx#Sheet1,L8-0598,,,,4-85-10-D11-1,4,85,,10,11
Lonestar ESL Isolates.xlsx#Sheet1,L8-0599,,,,4-85-10-D11-2,4,85,,10,11
Lonestar ESL Isolates.xlsx#Sheet1,L8-0600,,,,4-85-10-D11-3,4,85,,10,11
Lonestar ESL Isolates.xlsx#Sheet1,L8-0601,,,,4-85-10-D11-4,4,85,,10,11
Lonestar ESL Isolates.xlsx#Sheet1,L8-0602,,,,4-90-10-D11-1,4,90,,10,11
Lonestar ESL Isolates.xlsx#Sheet1,L8-0603,,,,4-90-10-D11-2,4,90,,10,11
Lonestar ESL Isolates.xlsx#Sheet1,L8-0604,,,,4-90-10-D11-3,4,90,,10,11
Lonestar ESL Isolates.xlsx#Sheet1,L8-0605,,,,4-CVTA-75-10-D11-1,4,75,CVTA,10,11
Lonestar ESL Isolates.xlsx#Sheet1,L8-0606,,,,4-CVTA-85-10-D11-1,4,85,CVTA,10,11
Lonestar ESL Isolates.xlsx#Sheet1,L8-0607,,,,4-CVTA-90-10-D11-1,4,90,CVTA,10,11
Lonestar ESL Isolates.xlsx#Sheet1,L8-0608,,,,4-75-D13-10-1,4,75,,10,13
Lonestar ESL Isolates.xlsx#Sheet1,L8-0609,,,,4-75-D13-10-2,4,75,,10,13
Lonestar ESL Isolates.xlsx#Sheet1,L8-0610,,,,4-75-D13-10-3,4,75,,10,13
Lonestar ESL Isolates.xlsx#Sheet1,L8-0611,,,,4-85-D13-10-1,4,85,,10,13
Lonestar ESL Isolates.xlsx#Sheet1,L8-0612,,,,4-85-D13-10-2,4,85,,10,13
Lonestar ESL Isolates.xlsx#Sheet1,L8-0613,,,,4-85-D13-10-3,4,85,,10,13
Lonestar ESL Isolates.xlsx#Sheet1,L8-0614,,,,4-90-D13-10-1,4,90,,10,13
Lonestar ESL Isolates.xlsx#Sheet1,L8-0615,,,,4-90-D13-10-2,4,90,,10,13
Lonestar ESL Isolates.xlsx#Sheet1,L8-0616,,,,4-90-D13-10-3,4,90,,10,13
Lonestar ESL Isolates.xlsx#Sheet1,L8-0617,,,,4-90-D13-10-4,4,90,,10,13
Lonestar ESL Isolates.xlsx#Sheet1,L8-0618,,,,4-CVTA-75-10-D13-1,4,75,CVTA,10,13
Lonestar ESL Isolates.xlsx#Sheet1,L8-0619,,,,4-CVTA-85-10-D13-1,4,85,CVTA,10,13
Lonestar ESL Isolates.xlsx#Sheet1,L8-0620,,,,4-CVTA-90-10-D13-1,4,90,CVTA,10,13
Lonestar ESL Isolates.xlsx#Sheet1,L8-0621,,,,4-75-3-D14-1,4,75,,3,14
Lonestar ESL Isolates.xlsx#Sheet1,L8-0622,,,,4-75-3-D14-2,4,75,,3,14
Lonestar ESL Isolates.xlsx#Sheet1,L8-0623,,,,4-75-3-D14-3,4,75,,3,14
Lonestar ESL Isolates.xlsx#Sheet1,L8-0624,,,,4-85-3-D14-1,4,85,,3,14
Lonestar ESL Isolates.xlsx#Sheet1,L8-0625,,,,4-85-3-D14-2,4,85,,3,14
Lonestar ESL Isolates.xlsx#Sheet1,L8-0626,,,,4-85-3-D14-3,4,85,,3,14
Lonestar ESL Isolates.xlsx#Sheet1,L8-0627,,,,4-90-3-D14-1,4,90,,3,14
Lonestar ESL Isolates.xlsx#Sheet1,L8-0628,,,,4-90-3-D14-2,4,90,,3,14
Lonestar ESL Isolates.xlsx#Sheet1,L8-0629,,,,4-75-6.5-D14-1,4,75,,6.5,14
Lonestar ESL Isolates.xlsx#Sheet1,L8-0630,,,,4-75-6.5-D14-2,4,75,,6.5,14
Lonestar ESL Isolates.xlsx#Sheet1,L8-0631,,,,4-75-6.5-D14-3,4,75,,6.5,14
Lonestar ESL Isolates.xlsx#Sheet1,L8-0632,,,,4-75-6.5-D14-4,4,75,,6.5,14
Lonestar ESL Isolates.xlsx#Sheet1,L8-0633,,,,4-85-6.5-D14-1,4,85,,6.5,14
Lonestar ESL Isolates.xlsx#Sheet1,L8-0634,,,,4-85-6.5-D14-3,4,85,,6.5,14
Lonestar ESL Isolates.xlsx#Sheet1,L8-0635,,,,4-90-6.5-D14-1,4,90,,6.5,14
Lonestar ESL Isolates.xlsx#Sheet1,L8-0636,,,,4-CVTA-85-6.5-D14-1,4,85,CVTA,6.5,14
Lonestar ESL Isolates.xlsx#Sheet1,L8-0637,,,,4-75-10-D15-1,4,75,,10,15
Lonestar ESL Isolates.xlsx#Sheet1,L8-0638,,,,4-75-10-D15-2,4,75,,10,15
Lonestar ESL Isolates.xlsx#Sheet1,L8-0639,,,,4-75-10-D15-3,4,75,,10,15
Lonestar ESL Isolates.xlsx#Sheet1,L8-0640,,,,4-85-10-D15-1,4,85,,10,15
Lonestar ESL Isolates.xlsx#Sheet1,L8-0641,,,,4-85-10-D15-2,4,85,,10,15
Lonestar ESL Isolates.xlsx#Sheet1,L8-0642,,,,4-85-10-D15-3,4,85,,10,15
Lonestar ESL Isolates.xlsx#Sheet1,L8-0643,,,,4-90-10-D15-1,4,90,,10,15
Lonestar ESL Isolates.xlsx#Sheet1,L8-0644,,,,4-90-10-D15-2,4,90,,10,15
Lonestar ESL Isolates.xlsx#Sheet1,L8-0645,,,,4-CVTA-75-10-D15-1,4,75,CVTA,10,15
Lonestar ESL Isolates.xlsx#Sheet1,L8-0646,,,,4-CVTA-85-10-D15-1,4,85,CVTA,10,15
Lonestar ESL Isolates.xlsx#Sheet1,L8-0647,,,,4-CVTA-90-10-D15-1,4,90,CVTA,10,15
Lonestar ESL Isolates.xlsx#Sheet1,L8-0648,,,,4-90-10-D17-1,4,90,,10,17
Lonestar ESL Isolates.xlsx#Sheet1,L8-0649,,,,4-90-10-D17-2,4,90,,10,17
Lonestar ESL Isolates.xlsx#Sheet1,L8-0650,,,,4-CVTA-90-10-D17-1,4,90,CVTA,10,17
Lonestar ESL Isolates.xlsx#Sheet1,L8-0651,,,,4-75-3-D21-1,4,75,,3,21
Lonestar ESL Isolates.xlsx#Sheet1,L8-0652,,,,4-75-3-D21-2,4,75,,3,21
Lonestar ESL Isolates.xlsx#Sheet1,L8-0653,,,,4-75-3-D21-3,4,75,,3,21
Lonestar ESL Isolates.xlsx#Sheet1,L8-0654,,,,4-75-3-D21-4,4,75,,3,21
Lonestar ESL Isolates.xlsx#Sheet1,L8-0655,,,,4-85-3-D21-1,4,85,,3,21
Lonestar ESL Isolates.xlsx#Sheet1,L8-0656,,,,4-85-3-D21-2,4,85,,3,21
Lonestar ESL Isolates.xlsx#Sheet1,L8-0657,,,,4-85-3-D21-4,4,85,,3,21
Lonestar ESL Isolates.xlsx#Sheet1,L8-0658,,,,4-85-3-D21-5,4,85,,3,21
Lonestar ESL Isolates.xlsx#Sheet1,L8-0659,,,,4-90-3-D21-1,4,90,,3,21
Lonestar ESL Isolates.xlsx#Sheet1,L8-0660,,,,4-90-3-D21-2,4,90,,3,21
Lonestar ESL Isolates.xlsx#Sheet1,L8-0661,,,,4-90-3-D21-3,4,90,,3,21
Lonestar ESL Isolates.xlsx#Sheet1,L8-0662,,,,4-90-3-D21-4,4,90,,3,21
Lonestar ESL Isolates.xlsx#Sheet1,L8-0663,,,,4-75-6.5-D21-1,4,75,,6.5,21
Lonestar ESL Isolates.xlsx#Sheet1,L8-0664,,,,4-75-6.5-D21-2,4,75,,6.5,21
Lonestar ESL Isolates.xlsx#Sheet1,L8-0665,,,,4-75-6.5-D21-3,4,75,,6.5,21
Lonestar ESL Isolates.xlsx#Sheet1,L8-0666,,,,4-85-6.5-D21-1,4,85,,6.5,21
Lonestar ESL Isolates.xlsx#Sheet1,L8-0667,,,,4-85-6.5-D21-2,4,85,,6.5,21
Lonestar ESL Isolates.xlsx#Sheet1,L8-0668,,,,4-90-6.5-D21-1,4,90,,6.5,21
Lonestar ESL Isolates.xlsx#Sheet1,L8-0669,,,,4-90-6.5-D21-2,4,90,,6.5,21
Lonestar ESL Isolates.xlsx#Sheet1,L8-0670,,,,4-90-6.5-D21-3,4,90,,6.5,21
Lonestar ESL Isolates.xlsx#Sheet1,L8-0671,,,,4-90-6.5-D21-4,4,90,,6.5,21
Lonestar ESL Isolates.xlsx#Sheet1,L8-0672,,,,4-CVTA-75-6.5-D21-1,4,75,CVTA,6.5,21
Lonestar ESL Isolates.xlsx#Sheet1,L8-0673,,,,4-CVTA-85-6.5-D21-1,4,85,CVTA,6.5,21
Lonestar ESL Isolates.xlsx#Sheet1,L8-0674,,,,4-75-3-D28-1,4,75,,3,28
Lonestar ESL Isolates.xlsx#Sheet1,L8-0675,,,,4-75-3-D28-2,4,75,,3,28
Lonestar ESL Isolates.xlsx#Sheet1,L8-0676,,,,4-85-3-D28-1,4,85,,3,28
Lonestar ESL Isolates.xlsx#Sheet1,L8-0677,,,,4-85-3-D28-2,4,85,,3,28
Lonestar ESL Isolates.xlsx#Sheet1,L8-0678,,,,4-85-3-D28-3,4,85,,3,28
Lonestar ESL Isolates.xlsx#Sheet1,L8-0679,,,,4-85-3-D28-4,4,85,,3,28
Lonestar ESL Isolates.xlsx#Sheet1,L8-0680,,,,4-85-3-D28-5,4,85,,3,28
Lonestar ESL Isolates.xlsx#Sheet1,L8-0681,,,,4-85-3-D28-6,4,85,,3,28
Lonestar ESL Isolates.xlsx#Sheet1,L8-0682,,,,4-90-3-D28-1,4,90,,3,28
Lonestar ESL Isolates.xlsx#Sheet1,L8-0683,,,,4-90-3-D28-2,4,90,,3,28
Lonestar ESL Isolates.xlsx#Sheet1,L8-0684,,,,4-90-3-D28-3,4,90,,3,28
Lonestar ESL Isolates.xlsx#Sheet1,L8-0685,,,,4-90-3-D28-4,4,90,,3,28
Lonestar ESL Isolates.xlsx#Sheet1,L8-0686,,,,4-75-6.5-D28-1,4,75,,6.5,28
Lonestar ESL Isolates.xlsx#Sheet1,L8-0687,,,,4-75-6.5-D28-2,4,75,,6.5,28
Lonestar ESL Isolates.xlsx#Sheet1,L8-0688,,,,4-75-6.5-D28-3,4,75,,6.5,28
Lonestar ESL Isolates.xlsx#Sheet1,L8-0689,,,,4-85-6.5-D28-1,4,85,,6.5,28
Lonestar ESL Isolates.xlsx#Sheet1,L8-0690,,,,4-85-6.5-D28-2,4,85,,6.5,28
Lonestar ESL Isolates.xlsx#Sheet1,L8-0691,,,,4-CVTA-75-6.5-D28-1,4,75,CVTA,6.5,28
Lonestar ESL Isolates.xlsx#Sheet1,L8-0692,,,,4-CVTA-85-6.5-D28-1,4,85,CVTA,6.5,28
Lonestar ESL Isolates.xlsx#Sheet1,L8-0693,,,,4-90-6.5-D28-1,4,90,,6.5,28
Lonestar ESL Isolates.xlsx#Sheet1,L8-0694,,,,4-85-3-D35-1,4,85,,3,35
Lonestar ESL Isolates.xlsx#Sheet1,L8-0695,,,,4-85-3-D35-2,4,85,,3,35
Lonestar ESL Isolates.xlsx#Sheet1,L8-0696,,,,4-85-3-D35-3,4,85,,3,35
Lonestar ESL Isolates.xlsx#Sheet1,L8-0697,,,,4-90-3-D35-1,4,90,,3,35
Lonestar ESL Isolates.xlsx#Sheet1,L8-0698,,,,4-90-3-D35-2,4,90,,3,35
Lonestar ESL Isolates.xlsx#Sheet1,L8-0699,,,,4-90-3-D35-3,4,90,,3,35
Lonestar ESL Isolates.xlsx#Sheet1,L8-0700,,,,4-75-6.5-D35-1,4,75,,6.5,35
Lonestar ESL Isolates.xlsx#Sheet1,L8-0701,,,,4-85-6.5-D35-1,4,85,,6.5,35
Lonestar ESL Isolates.xlsx#Sheet1,L8-0702,,,,4-75-3-D42-1,4,75,,3,42
Lonestar ESL Isolates.xlsx#Sheet1,L8-0703,,,,4-75-3-D42-2,4,75,,3,42
Lonestar ESL Isolates.xlsx#Sheet1,L8-0704,,,,4-75-3-D42-3,4,75,,3,42
Lonestar ESL Isolates.xlsx#Sheet1,L8-0705,,,,4-85-3-D42-1,4,85,,3,42
Lonestar ESL Isolates.xlsx#Sheet1,L8-0706,,,,4-85-3-D42-2,4,85,,3,42
Lonestar ESL Isolates.xlsx#Sheet1,L8-0707,,,,4-85-3-D42-3,4,85,,3,42
Lonestar ESL Isolates.xlsx#Sheet1,L8-0708,,,,4-85-3-D42-4,4,85,,3,42
Lonestar ESL Isolates.xlsx#Sheet1,L8-0709,,,,4-90-3-D42-1,4,90,,3,42
Lonestar ESL Isolates.xlsx#Sheet1,L8-0710,,,,4-90-3-D42-2,4,90,,3,42
Lonestar ESL Isolates.xlsx#Sheet1,L8-0711,,,,4-90-3-D42-3,4,90,,3,42
Lonestar ESL Isolates.xlsx#Sheet1,L8-0712,,,,4-CVTA-85-3-D42-1,4,85,CVTA,3,42
Lonestar ESL Isolates.xlsx#Sheet1,L8-0713,,,,4-75-3-D35-1,4,75,,3,35
Lonestar ESL Isolates.xlsx#Sheet1,L8-0714,,,,4-75-3-D35-2,4,75,,3,35
Lonestar ESL Isolates.xlsx#Sheet1,L8-0715,,,,4-75-3-D35-3,4,75,,3,35
Lonestar ESL Isolates.xlsx#Sheet1,L8-0716,,,,4-90-6.5-D35-1,4,90,,6.5,35
